time (s), 25.00000, time (s), 100.000000
5.000000000000000000e+00,6.945487167705027831e-01,5.000000000000000000e+00,2.598548716770502587e+00
6.000000000000000000e+00,7.945487167705027609e-01,6.000000000000000000e+00,3.398548716770502853e+00
7.000000000000000000e+00,8.945487167705028497e-01,7.000000000000000000e+00,3.898548716770502409e+00
8.000000000000000000e+00,1.094548716770502805e+00,8.000000000000000000e+00,4.398548716770502409e+00
9.000000000000000000e+00,1.294548716770502761e+00,9.000000000000000000e+00,4.898548716770502409e+00
1.000000000000000000e+01,1.294548716770502761e+00,1.000000000000000000e+01,5.298548716770502764e+00
1.100000000000000000e+01,1.394548716770502850e+00,1.100000000000000000e+01,5.998548716770502942e+00
1.200000000000000000e+01,1.594548716770502805e+00,1.200000000000000000e+01,6.498548716770502942e+00
1.300000000000000000e+01,1.994548716770502939e+00,1.300000000000000000e+01,6.998548716770502942e+00
1.400000000000000000e+01,1.994548716770502939e+00,1.400000000000000000e+01,7.498548716770502942e+00
1.500000000000000000e+01,2.094548716770502583e+00,1.500000000000000000e+01,7.698548716770503120e+00
1.600000000000000000e+01,2.394548716770502850e+00,1.600000000000000000e+01,8.298548716770502764e+00
1.700000000000000000e+01,2.494548716770502939e+00,1.700000000000000000e+01,8.798548716770502764e+00
1.800000000000000000e+01,2.794548716770502761e+00,1.800000000000000000e+01,8.998548716770503830e+00
1.900000000000000000e+01,2.794548716770502761e+00,1.900000000000000000e+01,9.598548716770503475e+00
2.000000000000000000e+01,3.094548716770502583e+00,2.000000000000000000e+01,9.898548716770504186e+00
2.100000000000000000e+01,2.994548716770502939e+00,2.100000000000000000e+01,1.039854871677050419e+01
2.200000000000000000e+01,3.194548716770502672e+00,2.200000000000000000e+01,1.079854871677050276e+01
2.300000000000000000e+01,3.194548716770502672e+00,2.300000000000000000e+01,1.119854871677050312e+01
2.400000000000000000e+01,3.194548716770502672e+00,2.400000000000000000e+01,1.149854871677050383e+01
2.500000000000000000e+01,3.494548716770502939e+00,2.500000000000000000e+01,1.169854871677050312e+01
2.600000000000000000e+01,3.494548716770502939e+00,2.600000000000000000e+01,1.239854871677050419e+01
2.700000000000000000e+01,3.694548716770502672e+00,2.700000000000000000e+01,1.259854871677050348e+01
2.800000000000000000e+01,3.794548716770502317e+00,2.800000000000000000e+01,1.299854871677050383e+01
2.900000000000000000e+01,3.994548716770502494e+00,2.900000000000000000e+01,1.339854871677050419e+01
3.000000000000000000e+01,3.994548716770502494e+00,3.000000000000000000e+01,1.359854871677050348e+01
3.100000000000000000e+01,4.194548716770502672e+00,3.100000000000000000e+01,1.389854871677050419e+01
3.200000000000000000e+01,4.294548716770502317e+00,3.200000000000000000e+01,1.409854871677050348e+01
3.300000000000000000e+01,4.394548716770502850e+00,3.300000000000000000e+01,1.439854871677050419e+01
3.400000000000000000e+01,4.394548716770502850e+00,3.400000000000000000e+01,1.479854871677050276e+01
3.500000000000000000e+01,4.494548716770502494e+00,3.500000000000000000e+01,1.509854871677050348e+01
3.600000000000000000e+01,4.694548716770502672e+00,3.600000000000000000e+01,1.529854871677050276e+01
3.700000000000000000e+01,4.694548716770502672e+00,3.700000000000000000e+01,1.539854871677050419e+01
3.800000000000000000e+01,4.794548716770502317e+00,3.800000000000000000e+01,1.599854871677050383e+01
3.900000000000000000e+01,4.994548716770502494e+00,3.900000000000000000e+01,1.629854871677050454e+01
4.000000000000000000e+01,5.094548716770503027e+00,4.000000000000000000e+01,1.639854871677050241e+01
4.100000000000000000e+01,5.194548716770502672e+00,4.100000000000000000e+01,1.669854871677050312e+01
4.200000000000000000e+01,5.294548716770502317e+00,4.200000000000000000e+01,1.709854871677050525e+01
4.300000000000000000e+01,5.294548716770502317e+00,4.300000000000000000e+01,1.739854871677050241e+01
4.400000000000000000e+01,5.394548716770502850e+00,4.400000000000000000e+01,1.779854871677050454e+01
4.500000000000000000e+01,5.494548716770502494e+00,4.500000000000000000e+01,1.789854871677050241e+01
4.600000000000000000e+01,5.694548716770502672e+00,4.600000000000000000e+01,1.809854871677050525e+01
4.700000000000000000e+01,5.694548716770502672e+00,4.700000000000000000e+01,1.819854871677050312e+01
4.800000000000000000e+01,5.794548716770502317e+00,4.800000000000000000e+01,1.839854871677050241e+01
4.900000000000000000e+01,5.794548716770502317e+00,4.900000000000000000e+01,1.849854871677050383e+01
5.000000000000000000e+01,5.994548716770502494e+00,5.000000000000000000e+01,1.869854871677050312e+01
5.100000000000000000e+01,5.994548716770502494e+00,5.100000000000000000e+01,1.899854871677050383e+01
5.200000000000000000e+01,5.994548716770502494e+00,5.200000000000000000e+01,1.909854871677050525e+01
5.300000000000000000e+01,6.194548716770502672e+00,5.300000000000000000e+01,1.939854871677050241e+01
5.400000000000000000e+01,6.294548716770502317e+00,5.400000000000000000e+01,1.959854871677050525e+01
5.500000000000000000e+01,6.294548716770502317e+00,5.500000000000000000e+01,1.969854871677050312e+01
5.600000000000000000e+01,6.294548716770502317e+00,5.600000000000000000e+01,1.989854871677050241e+01
5.700000000000000000e+01,6.294548716770502317e+00,5.700000000000000000e+01,2.019854871677050312e+01
5.800000000000000000e+01,6.394548716770502850e+00,5.800000000000000000e+01,2.039854871677050241e+01
5.900000000000000000e+01,6.394548716770502850e+00,5.900000000000000000e+01,2.059854871677050525e+01
6.000000000000000000e+01,6.594548716770503027e+00,6.000000000000000000e+01,2.079854871677050454e+01
6.100000000000000000e+01,6.694548716770502672e+00,6.100000000000000000e+01,2.109854871677050525e+01
6.200000000000000000e+01,6.694548716770502672e+00,6.200000000000000000e+01,2.089854871677050241e+01
6.300000000000000000e+01,6.794548716770502317e+00,6.300000000000000000e+01,2.119854871677050312e+01
6.400000000000000000e+01,6.994548716770502494e+00,6.400000000000000000e+01,2.139854871677050241e+01
6.500000000000000000e+01,6.994548716770502494e+00,6.500000000000000000e+01,2.159854871677050525e+01
6.600000000000000000e+01,6.994548716770502494e+00,6.600000000000000000e+01,2.169854871677050312e+01
6.700000000000000000e+01,7.194548716770502672e+00,6.700000000000000000e+01,2.189854871677050241e+01
6.800000000000000000e+01,7.394548716770502850e+00,6.800000000000000000e+01,2.209854871677050525e+01
6.900000000000000000e+01,7.494548716770502494e+00,6.900000000000000000e+01,2.219854871677050312e+01
7.000000000000000000e+01,7.594548716770503027e+00,7.000000000000000000e+01,2.239854871677050241e+01
7.100000000000000000e+01,7.694548716770502672e+00,7.100000000000000000e+01,2.239854871677050241e+01
7.200000000000000000e+01,7.794548716770502317e+00,7.200000000000000000e+01,2.229854871677050454e+01
7.300000000000000000e+01,7.794548716770502317e+00,7.300000000000000000e+01,2.259854871677050525e+01
7.400000000000000000e+01,7.894548716770501962e+00,7.400000000000000000e+01,2.259854871677050525e+01
7.500000000000000000e+01,7.894548716770501962e+00,7.500000000000000000e+01,2.289854871677050241e+01
7.600000000000000000e+01,7.994548716770503383e+00,7.600000000000000000e+01,2.309854871677050525e+01
7.700000000000000000e+01,8.194548716770503560e+00,7.700000000000000000e+01,2.329854871677050454e+01
7.800000000000000000e+01,8.194548716770503560e+00,7.800000000000000000e+01,2.329854871677050454e+01
7.900000000000000000e+01,8.194548716770503560e+00,7.900000000000000000e+01,2.339854871677050241e+01
8.000000000000000000e+01,8.294548716770503205e+00,8.000000000000000000e+01,2.369854871677050312e+01
8.100000000000000000e+01,8.494548716770504271e+00,8.100000000000000000e+01,2.379854871677050454e+01
8.200000000000000000e+01,8.594548716770503916e+00,8.200000000000000000e+01,2.389854871677050241e+01
8.300000000000000000e+01,8.694548716770503560e+00,8.300000000000000000e+01,2.409854871677050525e+01
8.400000000000000000e+01,8.794548716770503205e+00,8.400000000000000000e+01,2.419854871677050312e+01
8.500000000000000000e+01,8.894548716770502850e+00,8.500000000000000000e+01,2.449854871677050383e+01
8.600000000000000000e+01,8.994548716770504271e+00,8.600000000000000000e+01,2.469854871677050312e+01
8.700000000000000000e+01,8.994548716770504271e+00,8.700000000000000000e+01,2.479854871677050454e+01
8.800000000000000000e+01,9.094548716770503916e+00,8.800000000000000000e+01,2.489854871677050241e+01
8.900000000000000000e+01,9.094548716770503916e+00,8.900000000000000000e+01,2.509854871677050525e+01
9.000000000000000000e+01,9.194548716770503560e+00,9.000000000000000000e+01,2.539854871677050241e+01
9.100000000000000000e+01,9.194548716770503560e+00,9.100000000000000000e+01,2.539854871677050241e+01
9.200000000000000000e+01,9.294548716770503205e+00,9.200000000000000000e+01,2.539854871677050241e+01
9.300000000000000000e+01,9.194548716770503560e+00,9.300000000000000000e+01,2.559854871677050525e+01
9.400000000000000000e+01,9.394548716770502850e+00,9.400000000000000000e+01,2.559854871677050525e+01
9.500000000000000000e+01,9.394548716770502850e+00,9.500000000000000000e+01,2.559854871677050525e+01
9.600000000000000000e+01,9.494548716770504271e+00,9.600000000000000000e+01,2.569854871677050312e+01
9.700000000000000000e+01,9.594548716770503916e+00,9.700000000000000000e+01,2.599854871677050383e+01
9.800000000000000000e+01,9.694548716770503560e+00,9.800000000000000000e+01,2.599854871677050383e+01
9.900000000000000000e+01,9.894548716770502850e+00,9.900000000000000000e+01,2.619854871677050312e+01
1.000000000000000000e+02,9.794548716770503205e+00,1.000000000000000000e+02,2.629854871677050454e+01
1.010000000000000000e+02,9.994548716770504271e+00,1.010000000000000000e+02,2.649854871677050383e+01
1.020000000000000000e+02,9.994548716770504271e+00,1.020000000000000000e+02,2.659854871677050525e+01
1.030000000000000000e+02,1.019454871677050356e+01,1.030000000000000000e+02,2.669854871677050312e+01
1.040000000000000000e+02,1.029454871677050320e+01,1.040000000000000000e+02,2.669854871677050312e+01
1.050000000000000000e+02,1.049454871677050427e+01,1.050000000000000000e+02,2.669854871677050312e+01
1.060000000000000000e+02,1.049454871677050427e+01,1.060000000000000000e+02,2.679854871677050454e+01
1.070000000000000000e+02,1.049454871677050427e+01,1.070000000000000000e+02,2.699854871677050383e+01
1.080000000000000000e+02,1.049454871677050427e+01,1.080000000000000000e+02,2.699854871677050383e+01
1.090000000000000000e+02,1.059454871677050392e+01,1.090000000000000000e+02,2.709854871677050525e+01
1.100000000000000000e+02,1.059454871677050392e+01,1.100000000000000000e+02,2.709854871677050525e+01
1.110000000000000000e+02,1.059454871677050392e+01,1.110000000000000000e+02,2.729854871677050454e+01
1.120000000000000000e+02,1.079454871677050320e+01,1.120000000000000000e+02,2.729854871677050454e+01
1.130000000000000000e+02,1.089454871677050285e+01,1.130000000000000000e+02,2.739854871677050241e+01
1.140000000000000000e+02,1.109454871677050392e+01,1.140000000000000000e+02,2.749854871677050383e+01
1.150000000000000000e+02,1.109454871677050392e+01,1.150000000000000000e+02,2.759854871677050525e+01
1.160000000000000000e+02,1.099454871677050427e+01,1.160000000000000000e+02,2.759854871677050525e+01
1.170000000000000000e+02,1.099454871677050427e+01,1.170000000000000000e+02,2.769854871677050312e+01
1.180000000000000000e+02,1.099454871677050427e+01,1.180000000000000000e+02,2.779854871677050454e+01
1.190000000000000000e+02,1.109454871677050392e+01,1.190000000000000000e+02,2.789854871677050241e+01
1.200000000000000000e+02,1.109454871677050392e+01,1.200000000000000000e+02,2.789854871677050241e+01
1.210000000000000000e+02,1.109454871677050392e+01,1.210000000000000000e+02,2.789854871677050241e+01
1.220000000000000000e+02,1.119454871677050356e+01,1.220000000000000000e+02,2.799854871677050383e+01
1.230000000000000000e+02,1.129454871677050320e+01,1.230000000000000000e+02,2.809854871677050525e+01
1.240000000000000000e+02,1.129454871677050320e+01,1.240000000000000000e+02,2.809854871677050525e+01
1.250000000000000000e+02,1.139454871677050285e+01,1.250000000000000000e+02,2.819854871677050312e+01
1.260000000000000000e+02,1.149454871677050427e+01,1.260000000000000000e+02,2.809854871677050525e+01
1.270000000000000000e+02,1.149454871677050427e+01,1.270000000000000000e+02,2.819854871677050312e+01
1.280000000000000000e+02,1.159454871677050392e+01,1.280000000000000000e+02,2.829854871677050454e+01
1.290000000000000000e+02,1.169454871677050356e+01,1.290000000000000000e+02,2.839854871677050241e+01
1.300000000000000000e+02,1.179454871677050320e+01,1.300000000000000000e+02,2.849854871677050383e+01
1.310000000000000000e+02,1.179454871677050320e+01,1.310000000000000000e+02,2.849854871677050383e+01
1.320000000000000000e+02,1.179454871677050320e+01,1.320000000000000000e+02,2.849854871677050383e+01
1.330000000000000000e+02,1.179454871677050320e+01,1.330000000000000000e+02,2.859854871677050525e+01
1.340000000000000000e+02,1.189454871677050285e+01,1.340000000000000000e+02,2.859854871677050525e+01
1.350000000000000000e+02,1.179454871677050320e+01,1.350000000000000000e+02,2.859854871677050525e+01
1.360000000000000000e+02,1.209454871677050392e+01,1.360000000000000000e+02,2.859854871677050525e+01
1.370000000000000000e+02,1.199454871677050427e+01,1.370000000000000000e+02,2.879854871677050454e+01
1.380000000000000000e+02,1.199454871677050427e+01,1.380000000000000000e+02,2.879854871677050454e+01
1.390000000000000000e+02,1.209454871677050392e+01,1.390000000000000000e+02,2.879854871677050454e+01
1.400000000000000000e+02,1.199454871677050427e+01,1.400000000000000000e+02,2.899854871677050383e+01
1.410000000000000000e+02,1.209454871677050392e+01,1.410000000000000000e+02,2.889854871677050241e+01
1.420000000000000000e+02,1.199454871677050427e+01,1.420000000000000000e+02,2.889854871677050241e+01
1.430000000000000000e+02,1.209454871677050392e+01,1.430000000000000000e+02,2.889854871677050241e+01
1.440000000000000000e+02,1.209454871677050392e+01,1.440000000000000000e+02,2.889854871677050241e+01
1.450000000000000000e+02,1.209454871677050392e+01,1.450000000000000000e+02,2.909854871677050525e+01
1.550000000000000000e+02,1.249454871677050427e+01,1.550000000000000000e+02,2.889854871677050241e+01
1.560000000000000000e+02,1.249454871677050427e+01,1.560000000000000000e+02,2.859854871677050525e+01
1.570000000000000000e+02,1.249454871677050427e+01,1.570000000000000000e+02,2.839854871677050241e+01
1.580000000000000000e+02,1.219454871677050356e+01,1.580000000000000000e+02,2.819854871677050312e+01
1.590000000000000000e+02,1.229454871677050320e+01,1.590000000000000000e+02,2.779854871677050454e+01
1.600000000000000000e+02,1.209454871677050392e+01,1.600000000000000000e+02,2.769854871677050312e+01
1.610000000000000000e+02,1.209454871677050392e+01,1.610000000000000000e+02,2.739854871677050241e+01
1.620000000000000000e+02,1.199454871677050427e+01,1.620000000000000000e+02,2.719854871677050312e+01
1.630000000000000000e+02,1.189454871677050285e+01,1.630000000000000000e+02,2.699854871677050383e+01
1.640000000000000000e+02,1.179454871677050320e+01,1.640000000000000000e+02,2.679854871677050454e+01
1.650000000000000000e+02,1.169454871677050356e+01,1.650000000000000000e+02,2.649854871677050383e+01
1.660000000000000000e+02,1.159454871677050392e+01,1.660000000000000000e+02,2.649854871677050383e+01
1.670000000000000000e+02,1.159454871677050392e+01,1.670000000000000000e+02,2.629854871677050454e+01
1.680000000000000000e+02,1.149454871677050427e+01,1.680000000000000000e+02,2.619854871677050312e+01
1.690000000000000000e+02,1.149454871677050427e+01,1.690000000000000000e+02,2.589854871677050241e+01
1.700000000000000000e+02,1.139454871677050285e+01,1.700000000000000000e+02,2.569854871677050312e+01
1.710000000000000000e+02,1.139454871677050285e+01,1.710000000000000000e+02,2.549854871677050383e+01
1.720000000000000000e+02,1.129454871677050320e+01,1.720000000000000000e+02,2.519854871677050312e+01
1.730000000000000000e+02,1.139454871677050285e+01,1.730000000000000000e+02,2.509854871677050525e+01
1.740000000000000000e+02,1.119454871677050356e+01,1.740000000000000000e+02,2.509854871677050525e+01
1.750000000000000000e+02,1.119454871677050356e+01,1.750000000000000000e+02,2.479854871677050454e+01
1.760000000000000000e+02,1.109454871677050392e+01,1.760000000000000000e+02,2.479854871677050454e+01
1.770000000000000000e+02,1.109454871677050392e+01,1.770000000000000000e+02,2.449854871677050383e+01
1.780000000000000000e+02,1.099454871677050427e+01,1.780000000000000000e+02,2.429854871677050454e+01
1.790000000000000000e+02,1.099454871677050427e+01,1.790000000000000000e+02,2.399854871677050383e+01
1.800000000000000000e+02,1.089454871677050285e+01,1.800000000000000000e+02,2.409854871677050525e+01
1.810000000000000000e+02,1.099454871677050427e+01,1.810000000000000000e+02,2.389854871677050241e+01
1.820000000000000000e+02,1.079454871677050320e+01,1.820000000000000000e+02,2.369854871677050312e+01
1.830000000000000000e+02,1.069454871677050356e+01,1.830000000000000000e+02,2.369854871677050312e+01
1.840000000000000000e+02,1.069454871677050356e+01,1.840000000000000000e+02,2.349854871677050383e+01
1.850000000000000000e+02,1.059454871677050392e+01,1.850000000000000000e+02,2.359854871677050525e+01
1.860000000000000000e+02,1.049454871677050427e+01,1.860000000000000000e+02,2.339854871677050241e+01
1.870000000000000000e+02,1.049454871677050427e+01,1.870000000000000000e+02,2.329854871677050454e+01
1.880000000000000000e+02,1.049454871677050427e+01,1.880000000000000000e+02,2.319854871677050312e+01
1.890000000000000000e+02,1.049454871677050427e+01,1.890000000000000000e+02,2.309854871677050525e+01
1.900000000000000000e+02,1.039454871677050285e+01,1.900000000000000000e+02,2.289854871677050241e+01
1.910000000000000000e+02,1.029454871677050320e+01,1.910000000000000000e+02,2.289854871677050241e+01
1.920000000000000000e+02,1.039454871677050285e+01,1.920000000000000000e+02,2.269854871677050312e+01
1.930000000000000000e+02,1.019454871677050356e+01,1.930000000000000000e+02,2.239854871677050241e+01
1.940000000000000000e+02,1.009454871677050392e+01,1.940000000000000000e+02,2.239854871677050241e+01
1.950000000000000000e+02,1.009454871677050392e+01,1.950000000000000000e+02,2.229854871677050454e+01
1.960000000000000000e+02,1.009454871677050392e+01,1.960000000000000000e+02,2.209854871677050525e+01
1.970000000000000000e+02,9.994548716770504271e+00,1.970000000000000000e+02,2.209854871677050525e+01
1.980000000000000000e+02,9.994548716770504271e+00,1.980000000000000000e+02,2.199854871677050383e+01
1.990000000000000000e+02,9.894548716770502850e+00,1.990000000000000000e+02,2.199854871677050383e+01
2.000000000000000000e+02,9.994548716770504271e+00,2.000000000000000000e+02,2.179854871677050454e+01
2.010000000000000000e+02,9.894548716770502850e+00,2.010000000000000000e+02,2.179854871677050454e+01
2.020000000000000000e+02,9.994548716770504271e+00,2.020000000000000000e+02,2.169854871677050312e+01
2.030000000000000000e+02,9.894548716770502850e+00,2.030000000000000000e+02,2.159854871677050525e+01
2.040000000000000000e+02,9.794548716770503205e+00,2.040000000000000000e+02,2.139854871677050241e+01
2.050000000000000000e+02,9.794548716770503205e+00,2.050000000000000000e+02,2.139854871677050241e+01
2.060000000000000000e+02,9.794548716770503205e+00,2.060000000000000000e+02,2.119854871677050312e+01
2.070000000000000000e+02,9.694548716770503560e+00,2.070000000000000000e+02,2.109854871677050525e+01
2.080000000000000000e+02,9.794548716770503205e+00,2.080000000000000000e+02,2.109854871677050525e+01
2.090000000000000000e+02,9.694548716770503560e+00,2.090000000000000000e+02,2.099854871677050383e+01
2.100000000000000000e+02,9.594548716770503916e+00,2.100000000000000000e+02,2.099854871677050383e+01
2.110000000000000000e+02,9.594548716770503916e+00,2.110000000000000000e+02,2.089854871677050241e+01
2.120000000000000000e+02,9.394548716770502850e+00,2.120000000000000000e+02,2.059854871677050525e+01
2.130000000000000000e+02,9.394548716770502850e+00,2.130000000000000000e+02,2.069854871677050312e+01
2.140000000000000000e+02,9.294548716770503205e+00,2.140000000000000000e+02,2.049854871677050383e+01
2.150000000000000000e+02,9.294548716770503205e+00,2.150000000000000000e+02,2.049854871677050383e+01
2.160000000000000000e+02,9.394548716770502850e+00,2.160000000000000000e+02,2.029854871677050454e+01
2.170000000000000000e+02,9.294548716770503205e+00,2.170000000000000000e+02,2.029854871677050454e+01
2.180000000000000000e+02,9.294548716770503205e+00,2.180000000000000000e+02,2.009854871677050525e+01
2.190000000000000000e+02,9.394548716770502850e+00,2.190000000000000000e+02,1.989854871677050241e+01
2.200000000000000000e+02,9.394548716770502850e+00,2.200000000000000000e+02,1.989854871677050241e+01
2.210000000000000000e+02,9.294548716770503205e+00,2.210000000000000000e+02,1.969854871677050312e+01
2.220000000000000000e+02,9.294548716770503205e+00,2.220000000000000000e+02,1.969854871677050312e+01
2.230000000000000000e+02,9.194548716770503560e+00,2.230000000000000000e+02,1.959854871677050525e+01
2.240000000000000000e+02,9.194548716770503560e+00,2.240000000000000000e+02,1.949854871677050383e+01
2.250000000000000000e+02,9.094548716770503916e+00,2.250000000000000000e+02,1.949854871677050383e+01
2.260000000000000000e+02,9.194548716770503560e+00,2.260000000000000000e+02,1.949854871677050383e+01
2.270000000000000000e+02,8.994548716770504271e+00,2.270000000000000000e+02,1.939854871677050241e+01
2.280000000000000000e+02,8.994548716770504271e+00,2.280000000000000000e+02,1.939854871677050241e+01
2.290000000000000000e+02,8.994548716770504271e+00,2.290000000000000000e+02,1.919854871677050312e+01
2.300000000000000000e+02,8.694548716770503560e+00,2.300000000000000000e+02,1.919854871677050312e+01
2.310000000000000000e+02,8.894548716770502850e+00,2.310000000000000000e+02,1.909854871677050525e+01
2.320000000000000000e+02,8.694548716770503560e+00,2.320000000000000000e+02,1.899854871677050383e+01
2.330000000000000000e+02,8.794548716770503205e+00,2.330000000000000000e+02,1.899854871677050383e+01
2.340000000000000000e+02,8.594548716770503916e+00,2.340000000000000000e+02,1.889854871677050241e+01
2.350000000000000000e+02,8.694548716770503560e+00,2.350000000000000000e+02,1.879854871677050454e+01
2.360000000000000000e+02,8.594548716770503916e+00,2.360000000000000000e+02,1.879854871677050454e+01
2.370000000000000000e+02,8.594548716770503916e+00,2.370000000000000000e+02,1.859854871677050525e+01
2.380000000000000000e+02,8.694548716770503560e+00,2.380000000000000000e+02,1.869854871677050312e+01
2.390000000000000000e+02,8.694548716770503560e+00,2.390000000000000000e+02,1.869854871677050312e+01
2.400000000000000000e+02,8.494548716770504271e+00,2.400000000000000000e+02,1.859854871677050525e+01
2.410000000000000000e+02,8.594548716770503916e+00,2.410000000000000000e+02,1.849854871677050383e+01
2.420000000000000000e+02,8.494548716770504271e+00,2.420000000000000000e+02,1.859854871677050525e+01
2.430000000000000000e+02,8.494548716770504271e+00,2.430000000000000000e+02,1.849854871677050383e+01
2.440000000000000000e+02,8.394548716770502850e+00,2.440000000000000000e+02,1.849854871677050383e+01
2.450000000000000000e+02,8.394548716770502850e+00,2.450000000000000000e+02,1.829854871677050454e+01
2.460000000000000000e+02,8.294548716770503205e+00,2.460000000000000000e+02,1.829854871677050454e+01
2.470000000000000000e+02,8.294548716770503205e+00,2.470000000000000000e+02,1.809854871677050525e+01
2.480000000000000000e+02,8.394548716770502850e+00,2.480000000000000000e+02,1.809854871677050525e+01
2.490000000000000000e+02,8.394548716770502850e+00,2.490000000000000000e+02,1.779854871677050454e+01
2.500000000000000000e+02,8.294548716770503205e+00,2.500000000000000000e+02,1.779854871677050454e+01
2.510000000000000000e+02,8.294548716770503205e+00,2.510000000000000000e+02,1.769854871677050312e+01
2.520000000000000000e+02,8.294548716770503205e+00,2.520000000000000000e+02,1.759854871677050525e+01
2.530000000000000000e+02,8.194548716770503560e+00,2.530000000000000000e+02,1.759854871677050525e+01
2.540000000000000000e+02,8.094548716770503916e+00,2.540000000000000000e+02,1.769854871677050312e+01
2.550000000000000000e+02,8.094548716770503916e+00,2.550000000000000000e+02,1.739854871677050241e+01
2.560000000000000000e+02,7.994548716770503383e+00,2.560000000000000000e+02,1.729854871677050454e+01
2.570000000000000000e+02,7.994548716770503383e+00,2.570000000000000000e+02,1.729854871677050454e+01
2.580000000000000000e+02,7.994548716770503383e+00,2.580000000000000000e+02,1.729854871677050454e+01
2.590000000000000000e+02,7.994548716770503383e+00,2.590000000000000000e+02,1.729854871677050454e+01
2.600000000000000000e+02,8.094548716770503916e+00,2.600000000000000000e+02,1.709854871677050525e+01
2.610000000000000000e+02,7.994548716770503383e+00,2.610000000000000000e+02,1.699854871677050383e+01
2.620000000000000000e+02,8.094548716770503916e+00,2.620000000000000000e+02,1.709854871677050525e+01
2.630000000000000000e+02,8.094548716770503916e+00,2.630000000000000000e+02,1.709854871677050525e+01
2.640000000000000000e+02,7.994548716770503383e+00,2.640000000000000000e+02,1.699854871677050383e+01
2.650000000000000000e+02,8.094548716770503916e+00,2.650000000000000000e+02,1.699854871677050383e+01
2.660000000000000000e+02,7.894548716770501962e+00,2.660000000000000000e+02,1.689854871677050241e+01
2.670000000000000000e+02,7.794548716770502317e+00,2.670000000000000000e+02,1.699854871677050383e+01
2.680000000000000000e+02,7.794548716770502317e+00,2.680000000000000000e+02,1.679854871677050454e+01
2.690000000000000000e+02,7.894548716770501962e+00,2.690000000000000000e+02,1.679854871677050454e+01
2.700000000000000000e+02,7.894548716770501962e+00,2.700000000000000000e+02,1.659854871677050525e+01
2.710000000000000000e+02,7.794548716770502317e+00,2.710000000000000000e+02,1.659854871677050525e+01
2.720000000000000000e+02,7.894548716770501962e+00,2.720000000000000000e+02,1.649854871677050383e+01
2.730000000000000000e+02,7.794548716770502317e+00,2.730000000000000000e+02,1.659854871677050525e+01
2.740000000000000000e+02,7.794548716770502317e+00,2.740000000000000000e+02,1.669854871677050312e+01
2.750000000000000000e+02,7.794548716770502317e+00,2.750000000000000000e+02,1.649854871677050383e+01
2.760000000000000000e+02,7.594548716770503027e+00,2.760000000000000000e+02,1.659854871677050525e+01
2.770000000000000000e+02,7.794548716770502317e+00,2.770000000000000000e+02,1.639854871677050241e+01
2.780000000000000000e+02,7.694548716770502672e+00,2.780000000000000000e+02,1.629854871677050454e+01
2.790000000000000000e+02,7.694548716770502672e+00,2.790000000000000000e+02,1.639854871677050241e+01
2.800000000000000000e+02,7.494548716770502494e+00,2.800000000000000000e+02,1.619854871677050312e+01
2.810000000000000000e+02,7.594548716770503027e+00,2.810000000000000000e+02,1.609854871677050525e+01
2.820000000000000000e+02,7.494548716770502494e+00,2.820000000000000000e+02,1.599854871677050383e+01
2.830000000000000000e+02,7.594548716770503027e+00,2.830000000000000000e+02,1.599854871677050383e+01
2.840000000000000000e+02,7.494548716770502494e+00,2.840000000000000000e+02,1.589854871677050241e+01
2.850000000000000000e+02,7.494548716770502494e+00,2.850000000000000000e+02,1.589854871677050241e+01
2.860000000000000000e+02,7.594548716770503027e+00,2.860000000000000000e+02,1.579854871677050454e+01
2.870000000000000000e+02,7.494548716770502494e+00,2.870000000000000000e+02,1.579854871677050454e+01
2.880000000000000000e+02,7.494548716770502494e+00,2.880000000000000000e+02,1.569854871677050312e+01
2.890000000000000000e+02,7.394548716770502850e+00,2.890000000000000000e+02,1.569854871677050312e+01
2.900000000000000000e+02,7.494548716770502494e+00,2.900000000000000000e+02,1.559854871677050348e+01
2.910000000000000000e+02,7.294548716770502317e+00,2.910000000000000000e+02,1.559854871677050348e+01
2.920000000000000000e+02,7.394548716770502850e+00,2.920000000000000000e+02,1.569854871677050312e+01
2.930000000000000000e+02,7.394548716770502850e+00,2.930000000000000000e+02,1.549854871677050383e+01
2.940000000000000000e+02,7.294548716770502317e+00,2.940000000000000000e+02,1.559854871677050348e+01
2.950000000000000000e+02,7.294548716770502317e+00,2.950000000000000000e+02,1.539854871677050419e+01
2.960000000000000000e+02,7.194548716770502672e+00,2.960000000000000000e+02,1.539854871677050419e+01
2.970000000000000000e+02,7.194548716770502672e+00,2.970000000000000000e+02,1.529854871677050276e+01
2.980000000000000000e+02,7.194548716770502672e+00,2.980000000000000000e+02,1.529854871677050276e+01
2.990000000000000000e+02,7.094548716770503027e+00,2.990000000000000000e+02,1.519854871677050312e+01
3.000000000000000000e+02,7.094548716770503027e+00,3.000000000000000000e+02,1.519854871677050312e+01
3.010000000000000000e+02,6.994548716770502494e+00,3.010000000000000000e+02,1.499854871677050383e+01
3.020000000000000000e+02,6.994548716770502494e+00,3.020000000000000000e+02,1.499854871677050383e+01
3.030000000000000000e+02,6.994548716770502494e+00,3.030000000000000000e+02,1.489854871677050419e+01
3.040000000000000000e+02,6.894548716770502850e+00,3.040000000000000000e+02,1.489854871677050419e+01
3.050000000000000000e+02,6.894548716770502850e+00,3.050000000000000000e+02,1.499854871677050383e+01
3.060000000000000000e+02,6.894548716770502850e+00,3.060000000000000000e+02,1.499854871677050383e+01
3.070000000000000000e+02,6.894548716770502850e+00,3.070000000000000000e+02,1.479854871677050276e+01
3.080000000000000000e+02,6.994548716770502494e+00,3.080000000000000000e+02,1.489854871677050419e+01
3.090000000000000000e+02,6.994548716770502494e+00,3.090000000000000000e+02,1.479854871677050276e+01
3.100000000000000000e+02,6.994548716770502494e+00,3.100000000000000000e+02,1.459854871677050348e+01
3.110000000000000000e+02,6.794548716770502317e+00,3.110000000000000000e+02,1.459854871677050348e+01
3.120000000000000000e+02,6.994548716770502494e+00,3.120000000000000000e+02,1.449854871677050383e+01
3.130000000000000000e+02,6.794548716770502317e+00,3.130000000000000000e+02,1.449854871677050383e+01
3.140000000000000000e+02,6.894548716770502850e+00,3.140000000000000000e+02,1.449854871677050383e+01
3.150000000000000000e+02,6.794548716770502317e+00,3.150000000000000000e+02,1.449854871677050383e+01
3.160000000000000000e+02,6.794548716770502317e+00,3.160000000000000000e+02,1.429854871677050276e+01
3.170000000000000000e+02,6.894548716770502850e+00,3.170000000000000000e+02,1.439854871677050419e+01
3.180000000000000000e+02,6.894548716770502850e+00,3.180000000000000000e+02,1.429854871677050276e+01
3.190000000000000000e+02,6.894548716770502850e+00,3.190000000000000000e+02,1.429854871677050276e+01
3.200000000000000000e+02,6.694548716770502672e+00,3.200000000000000000e+02,1.429854871677050276e+01
3.210000000000000000e+02,6.894548716770502850e+00,3.210000000000000000e+02,1.419854871677050312e+01
3.220000000000000000e+02,6.794548716770502317e+00,3.220000000000000000e+02,1.419854871677050312e+01
3.230000000000000000e+02,6.794548716770502317e+00,3.230000000000000000e+02,1.409854871677050348e+01
3.240000000000000000e+02,6.594548716770503027e+00,3.240000000000000000e+02,1.399854871677050383e+01
3.250000000000000000e+02,6.694548716770502672e+00,3.250000000000000000e+02,1.399854871677050383e+01
3.260000000000000000e+02,6.594548716770503027e+00,3.260000000000000000e+02,1.389854871677050419e+01
3.270000000000000000e+02,6.594548716770503027e+00,3.270000000000000000e+02,1.389854871677050419e+01
3.280000000000000000e+02,6.594548716770503027e+00,3.280000000000000000e+02,1.389854871677050419e+01
3.290000000000000000e+02,6.594548716770503027e+00,3.290000000000000000e+02,1.389854871677050419e+01
3.300000000000000000e+02,6.594548716770503027e+00,3.300000000000000000e+02,1.379854871677050276e+01
3.310000000000000000e+02,6.394548716770502850e+00,3.310000000000000000e+02,1.389854871677050419e+01
3.320000000000000000e+02,6.594548716770503027e+00,3.320000000000000000e+02,1.389854871677050419e+01
3.330000000000000000e+02,6.494548716770502494e+00,3.330000000000000000e+02,1.369854871677050312e+01
3.340000000000000000e+02,6.594548716770503027e+00,3.340000000000000000e+02,1.389854871677050419e+01
3.350000000000000000e+02,6.494548716770502494e+00,3.350000000000000000e+02,1.369854871677050312e+01
3.360000000000000000e+02,6.694548716770502672e+00,3.360000000000000000e+02,1.359854871677050348e+01
3.370000000000000000e+02,6.594548716770503027e+00,3.370000000000000000e+02,1.359854871677050348e+01
3.380000000000000000e+02,6.494548716770502494e+00,3.380000000000000000e+02,1.349854871677050383e+01
3.390000000000000000e+02,6.694548716770502672e+00,3.390000000000000000e+02,1.329854871677050276e+01
3.400000000000000000e+02,6.494548716770502494e+00,3.400000000000000000e+02,1.329854871677050276e+01
3.410000000000000000e+02,6.494548716770502494e+00,3.410000000000000000e+02,1.339854871677050419e+01
3.420000000000000000e+02,6.494548716770502494e+00,3.420000000000000000e+02,1.329854871677050276e+01
3.430000000000000000e+02,6.494548716770502494e+00,3.430000000000000000e+02,1.319854871677050312e+01
3.440000000000000000e+02,6.394548716770502850e+00,3.440000000000000000e+02,1.329854871677050276e+01
3.450000000000000000e+02,6.494548716770502494e+00,3.450000000000000000e+02,1.319854871677050312e+01
3.460000000000000000e+02,6.494548716770502494e+00,3.460000000000000000e+02,1.319854871677050312e+01
3.470000000000000000e+02,6.394548716770502850e+00,3.470000000000000000e+02,1.319854871677050312e+01
3.480000000000000000e+02,6.394548716770502850e+00,3.480000000000000000e+02,1.299854871677050383e+01
3.490000000000000000e+02,6.494548716770502494e+00,3.490000000000000000e+02,1.309854871677050348e+01
3.500000000000000000e+02,6.494548716770502494e+00,3.500000000000000000e+02,1.309854871677050348e+01
3.510000000000000000e+02,6.494548716770502494e+00,3.510000000000000000e+02,1.309854871677050348e+01
3.520000000000000000e+02,6.394548716770502850e+00,3.520000000000000000e+02,1.299854871677050383e+01
3.530000000000000000e+02,6.294548716770502317e+00,3.530000000000000000e+02,1.299854871677050383e+01
3.540000000000000000e+02,6.294548716770502317e+00,3.540000000000000000e+02,1.289854871677050419e+01
3.550000000000000000e+02,6.194548716770502672e+00,3.550000000000000000e+02,1.299854871677050383e+01
3.560000000000000000e+02,6.294548716770502317e+00,3.560000000000000000e+02,1.289854871677050419e+01
3.570000000000000000e+02,6.094548716770503027e+00,3.570000000000000000e+02,1.279854871677050276e+01
3.580000000000000000e+02,6.094548716770503027e+00,3.580000000000000000e+02,1.279854871677050276e+01
3.590000000000000000e+02,6.094548716770503027e+00,3.590000000000000000e+02,1.279854871677050276e+01
3.600000000000000000e+02,5.994548716770502494e+00,3.600000000000000000e+02,1.279854871677050276e+01
3.610000000000000000e+02,5.994548716770502494e+00,3.610000000000000000e+02,1.259854871677050348e+01
3.620000000000000000e+02,5.994548716770502494e+00,3.620000000000000000e+02,1.269854871677050312e+01
3.630000000000000000e+02,5.894548716770502850e+00,3.630000000000000000e+02,1.259854871677050348e+01
3.640000000000000000e+02,5.794548716770502317e+00,3.640000000000000000e+02,1.249854871677050383e+01
3.650000000000000000e+02,5.694548716770502672e+00,3.650000000000000000e+02,1.249854871677050383e+01
3.660000000000000000e+02,5.794548716770502317e+00,3.660000000000000000e+02,1.239854871677050419e+01
3.670000000000000000e+02,5.694548716770502672e+00,3.670000000000000000e+02,1.239854871677050419e+01
3.680000000000000000e+02,5.894548716770502850e+00,3.680000000000000000e+02,1.239854871677050419e+01
3.690000000000000000e+02,5.794548716770502317e+00,3.690000000000000000e+02,1.249854871677050383e+01
3.700000000000000000e+02,5.794548716770502317e+00,3.700000000000000000e+02,1.229854871677050276e+01
3.710000000000000000e+02,5.894548716770502850e+00,3.710000000000000000e+02,1.239854871677050419e+01
3.720000000000000000e+02,5.794548716770502317e+00,3.720000000000000000e+02,1.219854871677050312e+01
3.730000000000000000e+02,5.794548716770502317e+00,3.730000000000000000e+02,1.219854871677050312e+01
3.740000000000000000e+02,5.794548716770502317e+00,3.740000000000000000e+02,1.219854871677050312e+01
3.750000000000000000e+02,5.794548716770502317e+00,3.750000000000000000e+02,1.219854871677050312e+01
3.760000000000000000e+02,5.594548716770503027e+00,3.760000000000000000e+02,1.209854871677050348e+01
3.770000000000000000e+02,5.594548716770503027e+00,3.770000000000000000e+02,1.209854871677050348e+01
3.780000000000000000e+02,5.694548716770502672e+00,3.780000000000000000e+02,1.199854871677050383e+01
3.790000000000000000e+02,5.694548716770502672e+00,3.790000000000000000e+02,1.209854871677050348e+01
3.800000000000000000e+02,5.494548716770502494e+00,3.800000000000000000e+02,1.209854871677050348e+01
3.810000000000000000e+02,5.594548716770503027e+00,3.810000000000000000e+02,1.199854871677050383e+01
3.820000000000000000e+02,5.594548716770503027e+00,3.820000000000000000e+02,1.189854871677050419e+01
3.830000000000000000e+02,5.594548716770503027e+00,3.830000000000000000e+02,1.189854871677050419e+01
3.840000000000000000e+02,5.494548716770502494e+00,3.840000000000000000e+02,1.169854871677050312e+01
3.850000000000000000e+02,5.494548716770502494e+00,3.850000000000000000e+02,1.189854871677050419e+01
3.860000000000000000e+02,5.694548716770502672e+00,3.860000000000000000e+02,1.169854871677050312e+01
3.870000000000000000e+02,5.594548716770503027e+00,3.870000000000000000e+02,1.169854871677050312e+01
3.880000000000000000e+02,5.594548716770503027e+00,3.880000000000000000e+02,1.179854871677050276e+01
3.890000000000000000e+02,5.494548716770502494e+00,3.890000000000000000e+02,1.159854871677050348e+01
3.900000000000000000e+02,5.494548716770502494e+00,3.900000000000000000e+02,1.159854871677050348e+01
3.910000000000000000e+02,5.494548716770502494e+00,3.910000000000000000e+02,1.159854871677050348e+01
3.920000000000000000e+02,5.394548716770502850e+00,3.920000000000000000e+02,1.159854871677050348e+01
3.930000000000000000e+02,5.294548716770502317e+00,3.930000000000000000e+02,1.169854871677050312e+01
3.940000000000000000e+02,5.294548716770502317e+00,3.940000000000000000e+02,1.169854871677050312e+01
3.950000000000000000e+02,5.494548716770502494e+00,3.950000000000000000e+02,1.149854871677050383e+01
3.960000000000000000e+02,5.394548716770502850e+00,3.960000000000000000e+02,1.159854871677050348e+01
3.970000000000000000e+02,5.394548716770502850e+00,3.970000000000000000e+02,1.159854871677050348e+01
3.980000000000000000e+02,5.294548716770502317e+00,3.980000000000000000e+02,1.139854871677050419e+01
3.990000000000000000e+02,5.294548716770502317e+00,3.990000000000000000e+02,1.149854871677050383e+01
4.000000000000000000e+02,5.194548716770502672e+00,4.000000000000000000e+02,1.149854871677050383e+01
4.010000000000000000e+02,5.294548716770502317e+00,4.010000000000000000e+02,1.149854871677050383e+01
4.020000000000000000e+02,5.194548716770502672e+00,4.020000000000000000e+02,1.139854871677050419e+01
4.030000000000000000e+02,5.294548716770502317e+00,4.030000000000000000e+02,1.139854871677050419e+01
4.040000000000000000e+02,5.294548716770502317e+00,4.040000000000000000e+02,1.129854871677050276e+01
4.050000000000000000e+02,5.494548716770502494e+00,4.050000000000000000e+02,1.119854871677050312e+01
4.060000000000000000e+02,5.294548716770502317e+00,4.060000000000000000e+02,1.129854871677050276e+01
4.070000000000000000e+02,5.294548716770502317e+00,4.070000000000000000e+02,1.119854871677050312e+01
4.080000000000000000e+02,5.194548716770502672e+00,4.080000000000000000e+02,1.119854871677050312e+01
4.090000000000000000e+02,5.294548716770502317e+00,4.090000000000000000e+02,1.109854871677050348e+01
4.100000000000000000e+02,5.094548716770503027e+00,4.100000000000000000e+02,1.119854871677050312e+01
4.110000000000000000e+02,5.194548716770502672e+00,4.110000000000000000e+02,1.109854871677050348e+01
4.120000000000000000e+02,5.194548716770502672e+00,4.120000000000000000e+02,1.119854871677050312e+01
4.130000000000000000e+02,5.294548716770502317e+00,4.130000000000000000e+02,1.109854871677050348e+01
4.140000000000000000e+02,5.294548716770502317e+00,4.140000000000000000e+02,1.099854871677050383e+01
4.150000000000000000e+02,5.294548716770502317e+00,4.150000000000000000e+02,1.089854871677050419e+01
4.160000000000000000e+02,5.294548716770502317e+00,4.160000000000000000e+02,1.089854871677050419e+01
4.170000000000000000e+02,5.394548716770502850e+00,4.170000000000000000e+02,1.079854871677050276e+01
4.180000000000000000e+02,5.294548716770502317e+00,4.180000000000000000e+02,1.089854871677050419e+01
4.190000000000000000e+02,5.094548716770503027e+00,4.190000000000000000e+02,1.089854871677050419e+01
4.200000000000000000e+02,5.294548716770502317e+00,4.200000000000000000e+02,1.079854871677050276e+01
4.210000000000000000e+02,5.294548716770502317e+00,4.210000000000000000e+02,1.079854871677050276e+01
4.220000000000000000e+02,5.094548716770503027e+00,4.220000000000000000e+02,1.069854871677050312e+01
4.230000000000000000e+02,5.194548716770502672e+00,4.230000000000000000e+02,1.089854871677050419e+01
4.240000000000000000e+02,5.294548716770502317e+00,4.240000000000000000e+02,1.069854871677050312e+01
4.250000000000000000e+02,5.294548716770502317e+00,4.250000000000000000e+02,1.069854871677050312e+01
4.260000000000000000e+02,5.194548716770502672e+00,4.260000000000000000e+02,1.079854871677050276e+01
4.270000000000000000e+02,5.194548716770502672e+00,4.270000000000000000e+02,1.069854871677050312e+01
4.280000000000000000e+02,5.194548716770502672e+00,4.280000000000000000e+02,1.059854871677050348e+01
4.290000000000000000e+02,5.094548716770503027e+00,4.290000000000000000e+02,1.059854871677050348e+01
4.300000000000000000e+02,5.094548716770503027e+00,4.300000000000000000e+02,1.059854871677050348e+01
4.310000000000000000e+02,5.094548716770503027e+00,4.310000000000000000e+02,1.049854871677050383e+01
4.320000000000000000e+02,4.894548716770502850e+00,4.320000000000000000e+02,1.059854871677050348e+01
4.330000000000000000e+02,4.894548716770502850e+00,4.330000000000000000e+02,1.059854871677050348e+01
4.340000000000000000e+02,4.994548716770502494e+00,4.340000000000000000e+02,1.039854871677050419e+01
4.350000000000000000e+02,4.994548716770502494e+00,4.350000000000000000e+02,1.049854871677050383e+01
4.360000000000000000e+02,4.894548716770502850e+00,4.360000000000000000e+02,1.039854871677050419e+01
4.370000000000000000e+02,4.994548716770502494e+00,4.370000000000000000e+02,1.039854871677050419e+01
4.380000000000000000e+02,4.894548716770502850e+00,4.380000000000000000e+02,1.029854871677050276e+01
4.390000000000000000e+02,4.894548716770502850e+00,4.390000000000000000e+02,1.029854871677050276e+01
4.400000000000000000e+02,4.894548716770502850e+00,4.400000000000000000e+02,1.039854871677050419e+01
4.410000000000000000e+02,4.794548716770502317e+00,4.410000000000000000e+02,1.029854871677050276e+01
4.420000000000000000e+02,4.794548716770502317e+00,4.420000000000000000e+02,1.029854871677050276e+01
4.430000000000000000e+02,4.694548716770502672e+00,4.430000000000000000e+02,1.039854871677050419e+01
4.440000000000000000e+02,4.794548716770502317e+00,4.440000000000000000e+02,1.019854871677050312e+01
4.450000000000000000e+02,4.694548716770502672e+00,4.450000000000000000e+02,1.019854871677050312e+01
4.460000000000000000e+02,4.694548716770502672e+00,4.460000000000000000e+02,1.029854871677050276e+01
4.470000000000000000e+02,4.694548716770502672e+00,4.470000000000000000e+02,1.009854871677050348e+01
4.480000000000000000e+02,4.694548716770502672e+00,4.480000000000000000e+02,1.009854871677050348e+01
4.490000000000000000e+02,4.594548716770503027e+00,4.490000000000000000e+02,1.019854871677050312e+01
4.500000000000000000e+02,4.694548716770502672e+00,4.500000000000000000e+02,1.009854871677050348e+01
4.510000000000000000e+02,4.694548716770502672e+00,4.510000000000000000e+02,1.009854871677050348e+01
4.520000000000000000e+02,4.694548716770502672e+00,4.520000000000000000e+02,9.998548716770503830e+00
4.530000000000000000e+02,4.594548716770503027e+00,4.530000000000000000e+02,9.998548716770503830e+00
4.540000000000000000e+02,4.594548716770503027e+00,4.540000000000000000e+02,9.998548716770503830e+00
4.550000000000000000e+02,4.694548716770502672e+00,4.550000000000000000e+02,9.898548716770504186e+00
4.560000000000000000e+02,4.594548716770503027e+00,4.560000000000000000e+02,9.898548716770504186e+00
4.570000000000000000e+02,4.594548716770503027e+00,4.570000000000000000e+02,9.898548716770504186e+00
4.580000000000000000e+02,4.594548716770503027e+00,4.580000000000000000e+02,9.698548716770503120e+00
4.590000000000000000e+02,4.494548716770502494e+00,4.590000000000000000e+02,9.598548716770503475e+00
4.600000000000000000e+02,4.594548716770503027e+00,4.600000000000000000e+02,9.598548716770503475e+00
4.610000000000000000e+02,4.594548716770503027e+00,4.610000000000000000e+02,9.698548716770503120e+00
4.620000000000000000e+02,4.594548716770503027e+00,4.620000000000000000e+02,9.798548716770502764e+00
4.630000000000000000e+02,4.594548716770503027e+00,4.630000000000000000e+02,9.598548716770503475e+00
4.640000000000000000e+02,4.594548716770503027e+00,4.640000000000000000e+02,9.698548716770503120e+00
4.650000000000000000e+02,4.694548716770502672e+00,4.650000000000000000e+02,9.698548716770503120e+00
4.660000000000000000e+02,4.694548716770502672e+00,4.660000000000000000e+02,9.698548716770503120e+00
4.670000000000000000e+02,4.594548716770503027e+00,4.670000000000000000e+02,9.598548716770503475e+00
4.680000000000000000e+02,4.594548716770503027e+00,4.680000000000000000e+02,9.598548716770503475e+00
4.690000000000000000e+02,4.594548716770503027e+00,4.690000000000000000e+02,9.498548716770503830e+00
4.700000000000000000e+02,4.594548716770503027e+00,4.700000000000000000e+02,9.498548716770503830e+00
4.710000000000000000e+02,4.594548716770503027e+00,4.710000000000000000e+02,9.398548716770504186e+00
4.720000000000000000e+02,4.594548716770503027e+00,4.720000000000000000e+02,9.498548716770503830e+00
4.730000000000000000e+02,4.594548716770503027e+00,4.730000000000000000e+02,9.498548716770503830e+00
4.740000000000000000e+02,4.694548716770502672e+00,4.740000000000000000e+02,9.498548716770503830e+00
4.750000000000000000e+02,4.594548716770503027e+00,4.750000000000000000e+02,9.398548716770504186e+00
4.760000000000000000e+02,4.494548716770502494e+00,4.760000000000000000e+02,9.398548716770504186e+00
4.770000000000000000e+02,4.394548716770502850e+00,4.770000000000000000e+02,9.398548716770504186e+00
4.780000000000000000e+02,4.394548716770502850e+00,4.780000000000000000e+02,9.498548716770503830e+00
4.790000000000000000e+02,4.494548716770502494e+00,4.790000000000000000e+02,9.498548716770503830e+00
4.800000000000000000e+02,4.294548716770502317e+00,4.800000000000000000e+02,9.498548716770503830e+00
4.810000000000000000e+02,4.294548716770502317e+00,4.810000000000000000e+02,9.498548716770503830e+00
4.820000000000000000e+02,4.294548716770502317e+00,4.820000000000000000e+02,9.298548716770502764e+00
4.830000000000000000e+02,4.294548716770502317e+00,4.830000000000000000e+02,9.198548716770503120e+00
4.840000000000000000e+02,4.294548716770502317e+00,4.840000000000000000e+02,9.198548716770503120e+00
4.850000000000000000e+02,4.294548716770502317e+00,4.850000000000000000e+02,9.198548716770503120e+00
4.860000000000000000e+02,4.394548716770502850e+00,4.860000000000000000e+02,9.198548716770503120e+00
4.870000000000000000e+02,4.294548716770502317e+00,4.870000000000000000e+02,9.098548716770503475e+00
4.880000000000000000e+02,4.394548716770502850e+00,4.880000000000000000e+02,9.198548716770503120e+00
4.890000000000000000e+02,4.294548716770502317e+00,4.890000000000000000e+02,9.098548716770503475e+00
4.900000000000000000e+02,4.394548716770502850e+00,4.900000000000000000e+02,9.098548716770503475e+00
4.910000000000000000e+02,4.394548716770502850e+00,4.910000000000000000e+02,9.098548716770503475e+00
4.920000000000000000e+02,4.394548716770502850e+00,4.920000000000000000e+02,8.998548716770503830e+00
4.930000000000000000e+02,4.294548716770502317e+00,4.930000000000000000e+02,8.998548716770503830e+00
4.940000000000000000e+02,4.194548716770502672e+00,4.940000000000000000e+02,9.098548716770503475e+00
4.950000000000000000e+02,4.294548716770502317e+00,4.950000000000000000e+02,9.098548716770503475e+00
4.960000000000000000e+02,4.194548716770502672e+00,4.960000000000000000e+02,9.098548716770503475e+00
4.970000000000000000e+02,4.294548716770502317e+00,4.970000000000000000e+02,9.198548716770503120e+00
4.980000000000000000e+02,4.294548716770502317e+00,4.980000000000000000e+02,9.098548716770503475e+00
4.990000000000000000e+02,4.294548716770502317e+00,4.990000000000000000e+02,8.998548716770503830e+00
5.000000000000000000e+02,4.294548716770502317e+00,5.000000000000000000e+02,8.898548716770504186e+00
5.010000000000000000e+02,4.194548716770502672e+00,5.010000000000000000e+02,8.998548716770503830e+00
5.020000000000000000e+02,4.294548716770502317e+00,5.020000000000000000e+02,8.998548716770503830e+00
5.030000000000000000e+02,4.094548716770503027e+00,5.030000000000000000e+02,8.998548716770503830e+00
5.040000000000000000e+02,4.094548716770503027e+00,5.040000000000000000e+02,8.898548716770504186e+00
5.050000000000000000e+02,4.094548716770503027e+00,5.050000000000000000e+02,8.998548716770503830e+00
5.060000000000000000e+02,4.094548716770503027e+00,5.060000000000000000e+02,8.698548716770503120e+00
5.070000000000000000e+02,4.194548716770502672e+00,5.070000000000000000e+02,8.698548716770503120e+00
5.080000000000000000e+02,4.094548716770503027e+00,5.080000000000000000e+02,8.798548716770502764e+00
5.090000000000000000e+02,3.994548716770502494e+00,5.090000000000000000e+02,8.798548716770502764e+00
5.100000000000000000e+02,4.094548716770503027e+00,5.100000000000000000e+02,8.698548716770503120e+00
5.110000000000000000e+02,4.094548716770503027e+00,5.110000000000000000e+02,8.598548716770503475e+00
5.120000000000000000e+02,4.294548716770502317e+00,5.120000000000000000e+02,8.698548716770503120e+00
5.130000000000000000e+02,4.094548716770503027e+00,5.130000000000000000e+02,8.698548716770503120e+00
5.140000000000000000e+02,4.194548716770502672e+00,5.140000000000000000e+02,8.698548716770503120e+00
5.150000000000000000e+02,4.094548716770503027e+00,5.150000000000000000e+02,8.698548716770503120e+00
5.160000000000000000e+02,3.994548716770502494e+00,5.160000000000000000e+02,8.698548716770503120e+00
5.170000000000000000e+02,3.994548716770502494e+00,5.170000000000000000e+02,8.598548716770503475e+00
5.180000000000000000e+02,4.094548716770503027e+00,5.180000000000000000e+02,8.598548716770503475e+00
5.190000000000000000e+02,3.894548716770502850e+00,5.190000000000000000e+02,8.498548716770503830e+00
5.200000000000000000e+02,3.894548716770502850e+00,5.200000000000000000e+02,8.598548716770503475e+00
5.210000000000000000e+02,3.894548716770502850e+00,5.210000000000000000e+02,8.498548716770503830e+00
5.220000000000000000e+02,3.994548716770502494e+00,5.220000000000000000e+02,8.598548716770503475e+00
5.230000000000000000e+02,3.994548716770502494e+00,5.230000000000000000e+02,8.398548716770504186e+00
5.240000000000000000e+02,3.894548716770502850e+00,5.240000000000000000e+02,8.598548716770503475e+00
5.250000000000000000e+02,4.094548716770503027e+00,5.250000000000000000e+02,8.498548716770503830e+00
5.260000000000000000e+02,3.994548716770502494e+00,5.260000000000000000e+02,8.398548716770504186e+00
5.270000000000000000e+02,4.094548716770503027e+00,5.270000000000000000e+02,8.398548716770504186e+00
5.280000000000000000e+02,3.894548716770502850e+00,5.280000000000000000e+02,8.398548716770504186e+00
5.290000000000000000e+02,3.994548716770502494e+00,5.290000000000000000e+02,8.298548716770502764e+00
5.300000000000000000e+02,3.994548716770502494e+00,5.300000000000000000e+02,8.398548716770504186e+00
5.310000000000000000e+02,3.994548716770502494e+00,5.310000000000000000e+02,8.398548716770504186e+00
5.320000000000000000e+02,3.894548716770502850e+00,5.320000000000000000e+02,8.398548716770504186e+00
5.330000000000000000e+02,3.894548716770502850e+00,5.330000000000000000e+02,8.398548716770504186e+00
5.340000000000000000e+02,3.894548716770502850e+00,5.340000000000000000e+02,8.298548716770502764e+00
5.350000000000000000e+02,3.894548716770502850e+00,5.350000000000000000e+02,8.298548716770502764e+00
5.360000000000000000e+02,3.794548716770502317e+00,5.360000000000000000e+02,8.098548716770503475e+00
5.370000000000000000e+02,3.894548716770502850e+00,5.370000000000000000e+02,8.098548716770503475e+00
5.380000000000000000e+02,3.894548716770502850e+00,5.380000000000000000e+02,8.198548716770503120e+00
5.390000000000000000e+02,3.894548716770502850e+00,5.390000000000000000e+02,8.098548716770503475e+00
5.400000000000000000e+02,3.794548716770502317e+00,5.400000000000000000e+02,8.098548716770503475e+00
5.410000000000000000e+02,3.794548716770502317e+00,5.410000000000000000e+02,8.098548716770503475e+00
5.420000000000000000e+02,3.694548716770502672e+00,5.420000000000000000e+02,7.998548716770502942e+00
5.430000000000000000e+02,3.694548716770502672e+00,5.430000000000000000e+02,8.098548716770503475e+00
5.440000000000000000e+02,3.694548716770502672e+00,5.440000000000000000e+02,8.098548716770503475e+00
5.450000000000000000e+02,3.794548716770502317e+00,5.450000000000000000e+02,8.098548716770503475e+00
5.460000000000000000e+02,3.794548716770502317e+00,5.460000000000000000e+02,8.098548716770503475e+00
5.470000000000000000e+02,3.794548716770502317e+00,5.470000000000000000e+02,7.898548716770503297e+00
5.480000000000000000e+02,3.794548716770502317e+00,5.480000000000000000e+02,8.098548716770503475e+00
5.490000000000000000e+02,3.894548716770502850e+00,5.490000000000000000e+02,7.998548716770502942e+00
5.500000000000000000e+02,3.794548716770502317e+00,5.500000000000000000e+02,7.998548716770502942e+00
5.510000000000000000e+02,3.794548716770502317e+00,5.510000000000000000e+02,7.898548716770503297e+00
5.520000000000000000e+02,3.694548716770502672e+00,5.520000000000000000e+02,7.998548716770502942e+00
5.530000000000000000e+02,3.794548716770502317e+00,5.530000000000000000e+02,7.998548716770502942e+00
5.540000000000000000e+02,3.894548716770502850e+00,5.540000000000000000e+02,7.998548716770502942e+00
5.550000000000000000e+02,3.894548716770502850e+00,5.550000000000000000e+02,7.798548716770501876e+00
5.560000000000000000e+02,3.894548716770502850e+00,5.560000000000000000e+02,7.798548716770501876e+00
5.570000000000000000e+02,3.694548716770502672e+00,5.570000000000000000e+02,7.798548716770501876e+00
5.580000000000000000e+02,3.694548716770502672e+00,5.580000000000000000e+02,7.898548716770503297e+00
5.590000000000000000e+02,3.694548716770502672e+00,5.590000000000000000e+02,7.898548716770503297e+00
5.600000000000000000e+02,3.694548716770502672e+00,5.600000000000000000e+02,7.798548716770501876e+00
5.610000000000000000e+02,3.594548716770502583e+00,5.610000000000000000e+02,7.798548716770501876e+00
5.620000000000000000e+02,3.694548716770502672e+00,5.620000000000000000e+02,7.798548716770501876e+00
5.630000000000000000e+02,3.694548716770502672e+00,5.630000000000000000e+02,7.798548716770501876e+00
5.640000000000000000e+02,3.694548716770502672e+00,5.640000000000000000e+02,7.698548716770503120e+00
5.650000000000000000e+02,3.594548716770502583e+00,5.650000000000000000e+02,7.798548716770501876e+00
5.660000000000000000e+02,3.594548716770502583e+00,5.660000000000000000e+02,7.798548716770501876e+00
5.670000000000000000e+02,3.594548716770502583e+00,5.670000000000000000e+02,7.798548716770501876e+00
5.680000000000000000e+02,3.594548716770502583e+00,5.680000000000000000e+02,7.798548716770501876e+00
5.690000000000000000e+02,3.594548716770502583e+00,5.690000000000000000e+02,7.798548716770501876e+00
5.700000000000000000e+02,3.594548716770502583e+00,5.700000000000000000e+02,7.798548716770501876e+00
5.710000000000000000e+02,3.594548716770502583e+00,5.710000000000000000e+02,7.698548716770503120e+00
5.720000000000000000e+02,3.594548716770502583e+00,5.720000000000000000e+02,7.698548716770503120e+00
5.730000000000000000e+02,3.494548716770502939e+00,5.730000000000000000e+02,7.598548716770502587e+00
5.740000000000000000e+02,3.594548716770502583e+00,5.740000000000000000e+02,7.498548716770502942e+00
5.750000000000000000e+02,3.594548716770502583e+00,5.750000000000000000e+02,7.598548716770502587e+00
5.760000000000000000e+02,3.494548716770502939e+00,5.760000000000000000e+02,7.498548716770502942e+00
5.770000000000000000e+02,3.494548716770502939e+00,5.770000000000000000e+02,7.498548716770502942e+00
5.780000000000000000e+02,3.494548716770502939e+00,5.780000000000000000e+02,7.498548716770502942e+00
5.790000000000000000e+02,3.494548716770502939e+00,5.790000000000000000e+02,7.598548716770502587e+00
5.800000000000000000e+02,3.594548716770502583e+00,5.800000000000000000e+02,7.598548716770502587e+00
5.810000000000000000e+02,3.594548716770502583e+00,5.810000000000000000e+02,7.598548716770502587e+00
5.820000000000000000e+02,3.594548716770502583e+00,5.820000000000000000e+02,7.598548716770502587e+00
5.830000000000000000e+02,3.494548716770502939e+00,5.830000000000000000e+02,7.598548716770502587e+00
5.840000000000000000e+02,3.494548716770502939e+00,5.840000000000000000e+02,7.498548716770502942e+00
5.850000000000000000e+02,3.694548716770502672e+00,5.850000000000000000e+02,7.498548716770502942e+00
5.860000000000000000e+02,3.594548716770502583e+00,5.860000000000000000e+02,7.398548716770502409e+00
5.870000000000000000e+02,3.494548716770502939e+00,5.870000000000000000e+02,7.298548716770502764e+00
5.880000000000000000e+02,3.494548716770502939e+00,5.880000000000000000e+02,7.298548716770502764e+00
5.890000000000000000e+02,3.594548716770502583e+00,5.890000000000000000e+02,7.298548716770502764e+00
5.900000000000000000e+02,3.594548716770502583e+00,5.900000000000000000e+02,7.498548716770502942e+00
5.910000000000000000e+02,3.494548716770502939e+00,5.910000000000000000e+02,7.398548716770502409e+00
5.920000000000000000e+02,3.494548716770502939e+00,5.920000000000000000e+02,7.398548716770502409e+00
5.930000000000000000e+02,3.494548716770502939e+00,5.930000000000000000e+02,7.398548716770502409e+00
5.940000000000000000e+02,3.494548716770502939e+00,5.940000000000000000e+02,7.298548716770502764e+00
5.950000000000000000e+02,3.494548716770502939e+00,5.950000000000000000e+02,7.298548716770502764e+00
5.960000000000000000e+02,3.494548716770502939e+00,5.960000000000000000e+02,7.298548716770502764e+00
5.970000000000000000e+02,3.494548716770502939e+00,5.970000000000000000e+02,7.398548716770502409e+00
5.980000000000000000e+02,3.494548716770502939e+00,5.980000000000000000e+02,7.398548716770502409e+00
5.990000000000000000e+02,3.394548716770502850e+00,5.990000000000000000e+02,7.398548716770502409e+00
