time (s), 25.000000,time (s), 100.000000
5.000000000000000000e+00,7.666420478444101461e-01,5.000000000000000000e+00,3.481642047844410115e+00
6.000000000000000000e+00,1.066642047844410079e+00,6.000000000000000000e+00,3.881642047844409582e+00
7.000000000000000000e+00,1.166642047844410168e+00,7.000000000000000000e+00,4.681642047844410293e+00
8.000000000000000000e+00,1.266642047844410257e+00,8.000000000000000000e+00,5.181642047844410293e+00
9.000000000000000000e+00,1.466642047844409991e+00,9.000000000000000000e+00,5.581642047844409760e+00
1.000000000000000000e+01,1.666642047844410168e+00,1.000000000000000000e+01,6.081642047844409760e+00
1.100000000000000000e+01,1.866642047844409902e+00,1.100000000000000000e+01,6.581642047844409760e+00
1.200000000000000000e+01,2.066642047844410079e+00,1.200000000000000000e+01,7.081642047844409760e+00
1.300000000000000000e+01,2.266642047844409813e+00,1.300000000000000000e+01,7.481642047844410115e+00
1.400000000000000000e+01,2.466642047844409991e+00,1.400000000000000000e+01,7.981642047844410115e+00
1.500000000000000000e+01,2.566642047844410079e+00,1.500000000000000000e+01,8.581642047844409760e+00
1.600000000000000000e+01,2.466642047844409991e+00,1.600000000000000000e+01,9.081642047844409760e+00
1.700000000000000000e+01,2.766642047844409813e+00,1.700000000000000000e+01,9.581642047844409760e+00
1.800000000000000000e+01,2.566642047844410079e+00,1.800000000000000000e+01,9.981642047844410115e+00
1.900000000000000000e+01,3.066642047844410079e+00,1.900000000000000000e+01,1.068164204784440940e+01
2.000000000000000000e+01,2.866642047844409902e+00,2.000000000000000000e+01,1.088164204784441047e+01
2.100000000000000000e+01,2.966642047844409991e+00,2.100000000000000000e+01,1.138164204784441047e+01
2.200000000000000000e+01,3.366642047844409902e+00,2.200000000000000000e+01,1.178164204784441083e+01
2.300000000000000000e+01,3.166642047844410168e+00,2.300000000000000000e+01,1.218164204784440940e+01
2.400000000000000000e+01,3.466642047844409547e+00,2.400000000000000000e+01,1.258164204784440976e+01
2.500000000000000000e+01,3.666642047844409724e+00,2.500000000000000000e+01,1.298164204784441011e+01
2.600000000000000000e+01,3.666642047844409724e+00,2.600000000000000000e+01,1.338164204784441047e+01
2.700000000000000000e+01,3.866642047844409902e+00,2.700000000000000000e+01,1.368164204784440940e+01
2.800000000000000000e+01,3.766642047844410257e+00,2.800000000000000000e+01,1.418164204784440940e+01
2.900000000000000000e+01,4.066642047844410079e+00,2.900000000000000000e+01,1.458164204784440976e+01
3.000000000000000000e+01,4.066642047844410079e+00,3.000000000000000000e+01,1.498164204784441011e+01
3.100000000000000000e+01,4.066642047844410079e+00,3.100000000000000000e+01,1.538164204784441047e+01
3.200000000000000000e+01,4.166642047844409724e+00,3.200000000000000000e+01,1.588164204784441047e+01
3.300000000000000000e+01,4.266642047844410257e+00,3.300000000000000000e+01,1.628164204784441083e+01
3.400000000000000000e+01,4.366642047844409902e+00,3.400000000000000000e+01,1.658164204784441154e+01
3.500000000000000000e+01,4.466642047844409547e+00,3.500000000000000000e+01,1.698164204784441011e+01
3.600000000000000000e+01,4.566642047844410079e+00,3.600000000000000000e+01,1.738164204784441225e+01
3.700000000000000000e+01,4.866642047844409902e+00,3.700000000000000000e+01,1.788164204784441225e+01
3.800000000000000000e+01,4.866642047844409902e+00,3.800000000000000000e+01,1.808164204784441154e+01
3.900000000000000000e+01,4.966642047844409547e+00,3.900000000000000000e+01,1.828164204784441083e+01
4.000000000000000000e+01,5.166642047844409724e+00,4.000000000000000000e+01,1.858164204784441154e+01
4.100000000000000000e+01,5.366642047844409902e+00,4.100000000000000000e+01,1.888164204784441225e+01
4.200000000000000000e+01,5.366642047844409902e+00,4.200000000000000000e+01,1.908164204784441154e+01
4.300000000000000000e+01,5.566642047844410079e+00,4.300000000000000000e+01,1.918164204784441296e+01
4.400000000000000000e+01,5.766642047844410257e+00,4.400000000000000000e+01,1.928164204784441083e+01
4.500000000000000000e+01,5.666642047844409724e+00,4.500000000000000000e+01,1.948164204784441011e+01
4.600000000000000000e+01,5.766642047844410257e+00,4.600000000000000000e+01,1.988164204784441225e+01
4.700000000000000000e+01,5.766642047844410257e+00,4.700000000000000000e+01,2.018164204784441296e+01
4.800000000000000000e+01,5.866642047844409902e+00,4.800000000000000000e+01,2.028164204784441083e+01
4.900000000000000000e+01,6.166642047844409724e+00,4.900000000000000000e+01,2.058164204784441154e+01
5.000000000000000000e+01,5.966642047844409547e+00,5.000000000000000000e+01,2.068164204784441296e+01
5.100000000000000000e+01,6.066642047844410079e+00,5.100000000000000000e+01,2.088164204784441225e+01
5.200000000000000000e+01,6.066642047844410079e+00,5.200000000000000000e+01,2.098164204784441011e+01
5.300000000000000000e+01,6.266642047844410257e+00,5.300000000000000000e+01,2.118164204784441296e+01
5.400000000000000000e+01,6.466642047844409547e+00,5.400000000000000000e+01,2.158164204784441154e+01
5.500000000000000000e+01,6.566642047844410079e+00,5.500000000000000000e+01,2.158164204784441154e+01
5.600000000000000000e+01,6.366642047844409902e+00,5.600000000000000000e+01,2.178164204784441083e+01
5.700000000000000000e+01,6.666642047844409724e+00,5.700000000000000000e+01,2.208164204784441154e+01
5.800000000000000000e+01,6.666642047844409724e+00,5.800000000000000000e+01,2.218164204784441296e+01
5.900000000000000000e+01,6.866642047844409902e+00,5.900000000000000000e+01,2.228164204784441083e+01
6.000000000000000000e+01,6.766642047844410257e+00,6.000000000000000000e+01,2.258164204784441154e+01
6.100000000000000000e+01,6.866642047844409902e+00,6.100000000000000000e+01,2.268164204784441296e+01
6.200000000000000000e+01,6.966642047844409547e+00,6.200000000000000000e+01,2.278164204784441083e+01
6.300000000000000000e+01,6.966642047844409547e+00,6.300000000000000000e+01,2.288164204784441225e+01
6.400000000000000000e+01,7.166642047844409724e+00,6.400000000000000000e+01,2.308164204784441154e+01
6.500000000000000000e+01,7.266642047844410257e+00,6.500000000000000000e+01,2.328164204784441083e+01
6.600000000000000000e+01,7.466642047844409547e+00,6.600000000000000000e+01,2.348164204784441011e+01
6.700000000000000000e+01,7.366642047844409902e+00,6.700000000000000000e+01,2.358164204784441154e+01
6.800000000000000000e+01,7.466642047844409547e+00,6.800000000000000000e+01,2.388164204784441225e+01
6.900000000000000000e+01,7.666642047844410612e+00,6.900000000000000000e+01,2.388164204784441225e+01
7.000000000000000000e+01,7.766642047844410257e+00,7.000000000000000000e+01,2.418164204784441296e+01
7.100000000000000000e+01,7.866642047844409902e+00,7.100000000000000000e+01,2.438164204784441225e+01
7.200000000000000000e+01,7.766642047844410257e+00,7.200000000000000000e+01,2.448164204784441011e+01
7.300000000000000000e+01,7.766642047844410257e+00,7.300000000000000000e+01,2.478164204784441083e+01
7.400000000000000000e+01,7.866642047844409902e+00,7.400000000000000000e+01,2.488164204784441225e+01
7.500000000000000000e+01,8.066642047844409191e+00,7.500000000000000000e+01,2.508164204784441154e+01
7.600000000000000000e+01,8.066642047844409191e+00,7.600000000000000000e+01,2.518164204784441296e+01
7.700000000000000000e+01,8.166642047844410612e+00,7.700000000000000000e+01,2.528164204784441083e+01
7.800000000000000000e+01,8.366642047844409902e+00,7.800000000000000000e+01,2.548164204784441011e+01
7.900000000000000000e+01,8.366642047844409902e+00,7.900000000000000000e+01,2.568164204784441296e+01
8.000000000000000000e+01,8.466642047844409547e+00,8.000000000000000000e+01,2.568164204784441296e+01
8.100000000000000000e+01,8.566642047844409191e+00,8.100000000000000000e+01,2.588164204784441225e+01
8.200000000000000000e+01,8.666642047844410612e+00,8.200000000000000000e+01,2.598164204784441011e+01
8.300000000000000000e+01,8.666642047844410612e+00,8.300000000000000000e+01,2.608164204784441154e+01
8.400000000000000000e+01,8.966642047844409547e+00,8.400000000000000000e+01,2.638164204784441225e+01
8.500000000000000000e+01,9.166642047844410612e+00,8.500000000000000000e+01,2.658164204784441154e+01
8.600000000000000000e+01,9.466642047844409547e+00,8.600000000000000000e+01,2.668164204784441296e+01
8.700000000000000000e+01,9.366642047844409902e+00,8.700000000000000000e+01,2.688164204784441225e+01
8.800000000000000000e+01,9.466642047844409547e+00,8.800000000000000000e+01,2.688164204784441225e+01
8.900000000000000000e+01,9.366642047844409902e+00,8.900000000000000000e+01,2.698164204784441011e+01
9.000000000000000000e+01,9.566642047844409191e+00,9.000000000000000000e+01,2.718164204784441296e+01
9.100000000000000000e+01,9.566642047844409191e+00,9.100000000000000000e+01,2.748164204784441011e+01
9.200000000000000000e+01,9.766642047844410257e+00,9.200000000000000000e+01,2.748164204784441011e+01
9.300000000000000000e+01,9.866642047844409902e+00,9.300000000000000000e+01,2.748164204784441011e+01
9.400000000000000000e+01,9.966642047844409547e+00,9.400000000000000000e+01,2.758164204784441154e+01
9.500000000000000000e+01,9.966642047844409547e+00,9.500000000000000000e+01,2.748164204784441011e+01
9.600000000000000000e+01,9.966642047844409547e+00,9.600000000000000000e+01,2.768164204784441296e+01
9.700000000000000000e+01,1.016664204784441061e+01,9.700000000000000000e+01,2.788164204784441225e+01
9.800000000000000000e+01,1.026664204784441026e+01,9.800000000000000000e+01,2.798164204784441011e+01
9.900000000000000000e+01,1.016664204784441061e+01,9.900000000000000000e+01,2.808164204784441154e+01
1.000000000000000000e+02,1.036664204784440990e+01,1.000000000000000000e+02,2.838164204784441225e+01
1.010000000000000000e+02,1.026664204784441026e+01,1.010000000000000000e+02,2.828164204784441083e+01
1.020000000000000000e+02,1.056664204784440919e+01,1.020000000000000000e+02,2.848164204784441011e+01
1.030000000000000000e+02,1.046664204784440955e+01,1.030000000000000000e+02,2.858164204784441154e+01
1.040000000000000000e+02,1.066664204784441061e+01,1.040000000000000000e+02,2.858164204784441154e+01
1.050000000000000000e+02,1.076664204784441026e+01,1.050000000000000000e+02,2.868164204784441296e+01
1.060000000000000000e+02,1.096664204784440955e+01,1.060000000000000000e+02,2.898164204784441011e+01
1.070000000000000000e+02,1.106664204784440919e+01,1.070000000000000000e+02,2.908164204784441154e+01
1.080000000000000000e+02,1.096664204784440955e+01,1.080000000000000000e+02,2.918164204784441296e+01
1.090000000000000000e+02,1.096664204784440955e+01,1.090000000000000000e+02,2.928164204784441083e+01
1.100000000000000000e+02,1.116664204784441061e+01,1.100000000000000000e+02,2.938164204784441225e+01
1.110000000000000000e+02,1.126664204784441026e+01,1.110000000000000000e+02,2.948164204784441011e+01
1.120000000000000000e+02,1.116664204784441061e+01,1.120000000000000000e+02,2.938164204784441225e+01
1.130000000000000000e+02,1.126664204784441026e+01,1.130000000000000000e+02,2.948164204784441011e+01
1.140000000000000000e+02,1.116664204784441061e+01,1.140000000000000000e+02,2.958164204784441154e+01
1.150000000000000000e+02,1.136664204784440990e+01,1.150000000000000000e+02,2.968164204784441296e+01
1.160000000000000000e+02,1.126664204784441026e+01,1.160000000000000000e+02,2.978164204784441083e+01
1.170000000000000000e+02,1.146664204784440955e+01,1.170000000000000000e+02,2.978164204784441083e+01
1.180000000000000000e+02,1.146664204784440955e+01,1.180000000000000000e+02,2.988164204784441225e+01
1.190000000000000000e+02,1.146664204784440955e+01,1.190000000000000000e+02,2.988164204784441225e+01
1.200000000000000000e+02,1.146664204784440955e+01,1.200000000000000000e+02,2.998164204784441011e+01
1.210000000000000000e+02,1.156664204784440919e+01,1.210000000000000000e+02,3.008164204784441154e+01
1.220000000000000000e+02,1.156664204784440919e+01,1.220000000000000000e+02,3.018164204784441296e+01
1.230000000000000000e+02,1.176664204784441026e+01,1.230000000000000000e+02,3.018164204784441296e+01
1.240000000000000000e+02,1.186664204784440990e+01,1.240000000000000000e+02,3.048164204784441011e+01
1.250000000000000000e+02,1.186664204784440990e+01,1.250000000000000000e+02,3.038164204784441225e+01
1.260000000000000000e+02,1.196664204784440955e+01,1.260000000000000000e+02,3.048164204784441011e+01
1.270000000000000000e+02,1.196664204784440955e+01,1.270000000000000000e+02,3.048164204784441011e+01
1.280000000000000000e+02,1.196664204784440955e+01,1.280000000000000000e+02,3.058164204784441154e+01
1.290000000000000000e+02,1.206664204784440919e+01,1.290000000000000000e+02,3.058164204784441154e+01
1.300000000000000000e+02,1.216664204784441061e+01,1.300000000000000000e+02,3.078164204784441083e+01
1.310000000000000000e+02,1.206664204784440919e+01,1.310000000000000000e+02,3.068164204784441296e+01
1.320000000000000000e+02,1.216664204784441061e+01,1.320000000000000000e+02,3.078164204784441083e+01
1.330000000000000000e+02,1.216664204784441061e+01,1.330000000000000000e+02,3.088164204784441225e+01
1.340000000000000000e+02,1.216664204784441061e+01,1.340000000000000000e+02,3.098164204784441011e+01
1.350000000000000000e+02,1.226664204784441026e+01,1.350000000000000000e+02,3.098164204784441011e+01
1.360000000000000000e+02,1.216664204784441061e+01,1.360000000000000000e+02,3.108164204784441154e+01
1.370000000000000000e+02,1.216664204784441061e+01,1.370000000000000000e+02,3.098164204784441011e+01
1.380000000000000000e+02,1.226664204784441026e+01,1.380000000000000000e+02,3.108164204784441154e+01
1.390000000000000000e+02,1.236664204784440990e+01,1.390000000000000000e+02,3.118164204784441296e+01
1.400000000000000000e+02,1.236664204784440990e+01,1.400000000000000000e+02,3.118164204784441296e+01
1.410000000000000000e+02,1.246664204784440955e+01,1.410000000000000000e+02,3.118164204784441296e+01
1.420000000000000000e+02,1.236664204784440990e+01,1.420000000000000000e+02,3.118164204784441296e+01
1.430000000000000000e+02,1.256664204784440919e+01,1.430000000000000000e+02,3.128164204784441083e+01
1.440000000000000000e+02,1.266664204784441061e+01,1.440000000000000000e+02,3.138164204784441225e+01
1.450000000000000000e+02,1.276664204784441026e+01,1.450000000000000000e+02,3.128164204784441083e+01
1.550000000000000000e+02,1.256664204784440919e+01,1.550000000000000000e+02,3.058164204784441154e+01
1.560000000000000000e+02,1.246664204784440955e+01,1.560000000000000000e+02,3.018164204784441296e+01
1.570000000000000000e+02,1.246664204784440955e+01,1.570000000000000000e+02,2.988164204784441225e+01
1.580000000000000000e+02,1.226664204784441026e+01,1.580000000000000000e+02,2.968164204784441296e+01
1.590000000000000000e+02,1.236664204784440990e+01,1.590000000000000000e+02,2.958164204784441154e+01
1.600000000000000000e+02,1.226664204784441026e+01,1.600000000000000000e+02,2.928164204784441083e+01
1.610000000000000000e+02,1.206664204784440919e+01,1.610000000000000000e+02,2.908164204784441154e+01
1.620000000000000000e+02,1.196664204784440955e+01,1.620000000000000000e+02,2.908164204784441154e+01
1.630000000000000000e+02,1.186664204784440990e+01,1.630000000000000000e+02,2.878164204784441083e+01
1.640000000000000000e+02,1.186664204784440990e+01,1.640000000000000000e+02,2.848164204784441011e+01
1.650000000000000000e+02,1.186664204784440990e+01,1.650000000000000000e+02,2.848164204784441011e+01
1.660000000000000000e+02,1.186664204784440990e+01,1.660000000000000000e+02,2.828164204784441083e+01
1.670000000000000000e+02,1.166664204784441061e+01,1.670000000000000000e+02,2.798164204784441011e+01
1.680000000000000000e+02,1.166664204784441061e+01,1.680000000000000000e+02,2.778164204784441083e+01
1.690000000000000000e+02,1.156664204784440919e+01,1.690000000000000000e+02,2.768164204784441296e+01
1.700000000000000000e+02,1.146664204784440955e+01,1.700000000000000000e+02,2.748164204784441011e+01
1.710000000000000000e+02,1.146664204784440955e+01,1.710000000000000000e+02,2.728164204784441083e+01
1.720000000000000000e+02,1.156664204784440919e+01,1.720000000000000000e+02,2.708164204784441154e+01
1.730000000000000000e+02,1.136664204784440990e+01,1.730000000000000000e+02,2.698164204784441011e+01
1.740000000000000000e+02,1.126664204784441026e+01,1.740000000000000000e+02,2.668164204784441296e+01
1.750000000000000000e+02,1.116664204784441061e+01,1.750000000000000000e+02,2.648164204784441011e+01
1.760000000000000000e+02,1.126664204784441026e+01,1.760000000000000000e+02,2.638164204784441225e+01
1.770000000000000000e+02,1.116664204784441061e+01,1.770000000000000000e+02,2.618164204784441296e+01
1.780000000000000000e+02,1.116664204784441061e+01,1.780000000000000000e+02,2.608164204784441154e+01
1.790000000000000000e+02,1.106664204784440919e+01,1.790000000000000000e+02,2.588164204784441225e+01
1.800000000000000000e+02,1.086664204784440990e+01,1.800000000000000000e+02,2.588164204784441225e+01
1.810000000000000000e+02,1.086664204784440990e+01,1.810000000000000000e+02,2.578164204784441083e+01
1.820000000000000000e+02,1.086664204784440990e+01,1.820000000000000000e+02,2.568164204784441296e+01
1.830000000000000000e+02,1.076664204784441026e+01,1.830000000000000000e+02,2.548164204784441011e+01
1.840000000000000000e+02,1.076664204784441026e+01,1.840000000000000000e+02,2.538164204784441225e+01
1.850000000000000000e+02,1.066664204784441061e+01,1.850000000000000000e+02,2.518164204784441296e+01
1.860000000000000000e+02,1.066664204784441061e+01,1.860000000000000000e+02,2.498164204784441011e+01
1.870000000000000000e+02,1.046664204784440955e+01,1.870000000000000000e+02,2.478164204784441083e+01
1.880000000000000000e+02,1.056664204784440919e+01,1.880000000000000000e+02,2.458164204784441154e+01
1.890000000000000000e+02,1.056664204784440919e+01,1.890000000000000000e+02,2.448164204784441011e+01
1.900000000000000000e+02,1.066664204784441061e+01,1.900000000000000000e+02,2.458164204784441154e+01
1.910000000000000000e+02,1.056664204784440919e+01,1.910000000000000000e+02,2.448164204784441011e+01
1.920000000000000000e+02,1.046664204784440955e+01,1.920000000000000000e+02,2.438164204784441225e+01
1.930000000000000000e+02,1.056664204784440919e+01,1.930000000000000000e+02,2.428164204784441083e+01
1.940000000000000000e+02,1.036664204784440990e+01,1.940000000000000000e+02,2.408164204784441154e+01
1.950000000000000000e+02,1.036664204784440990e+01,1.950000000000000000e+02,2.418164204784441296e+01
1.960000000000000000e+02,1.036664204784440990e+01,1.960000000000000000e+02,2.398164204784441011e+01
1.970000000000000000e+02,1.026664204784441026e+01,1.970000000000000000e+02,2.398164204784441011e+01
1.980000000000000000e+02,1.016664204784441061e+01,1.980000000000000000e+02,2.378164204784441083e+01
1.990000000000000000e+02,1.026664204784441026e+01,1.990000000000000000e+02,2.368164204784441296e+01
2.000000000000000000e+02,1.026664204784441026e+01,2.000000000000000000e+02,2.368164204784441296e+01
2.010000000000000000e+02,1.026664204784441026e+01,2.010000000000000000e+02,2.358164204784441154e+01
2.020000000000000000e+02,1.016664204784441061e+01,2.020000000000000000e+02,2.348164204784441011e+01
2.030000000000000000e+02,1.016664204784441061e+01,2.030000000000000000e+02,2.328164204784441083e+01
2.040000000000000000e+02,1.006664204784440919e+01,2.040000000000000000e+02,2.318164204784441296e+01
2.050000000000000000e+02,1.006664204784440919e+01,2.050000000000000000e+02,2.318164204784441296e+01
2.060000000000000000e+02,1.006664204784440919e+01,2.060000000000000000e+02,2.298164204784441011e+01
2.070000000000000000e+02,9.966642047844409547e+00,2.070000000000000000e+02,2.308164204784441154e+01
2.080000000000000000e+02,9.966642047844409547e+00,2.080000000000000000e+02,2.298164204784441011e+01
2.090000000000000000e+02,9.866642047844409902e+00,2.090000000000000000e+02,2.268164204784441296e+01
2.100000000000000000e+02,9.766642047844410257e+00,2.100000000000000000e+02,2.258164204784441154e+01
2.110000000000000000e+02,9.766642047844410257e+00,2.110000000000000000e+02,2.248164204784441011e+01
2.120000000000000000e+02,9.666642047844410612e+00,2.120000000000000000e+02,2.238164204784441225e+01
2.130000000000000000e+02,9.766642047844410257e+00,2.130000000000000000e+02,2.238164204784441225e+01
2.140000000000000000e+02,9.666642047844410612e+00,2.140000000000000000e+02,2.228164204784441083e+01
2.150000000000000000e+02,9.666642047844410612e+00,2.150000000000000000e+02,2.198164204784441011e+01
2.160000000000000000e+02,9.666642047844410612e+00,2.160000000000000000e+02,2.208164204784441154e+01
2.170000000000000000e+02,9.566642047844409191e+00,2.170000000000000000e+02,2.208164204784441154e+01
2.180000000000000000e+02,9.366642047844409902e+00,2.180000000000000000e+02,2.188164204784441225e+01
2.190000000000000000e+02,9.366642047844409902e+00,2.190000000000000000e+02,2.188164204784441225e+01
2.200000000000000000e+02,9.366642047844409902e+00,2.200000000000000000e+02,2.178164204784441083e+01
2.210000000000000000e+02,9.266642047844410257e+00,2.210000000000000000e+02,2.168164204784441296e+01
2.220000000000000000e+02,9.266642047844410257e+00,2.220000000000000000e+02,2.148164204784441011e+01
2.230000000000000000e+02,9.366642047844409902e+00,2.230000000000000000e+02,2.158164204784441154e+01
2.240000000000000000e+02,9.166642047844410612e+00,2.240000000000000000e+02,2.138164204784441225e+01
2.250000000000000000e+02,9.266642047844410257e+00,2.250000000000000000e+02,2.128164204784441083e+01
2.260000000000000000e+02,9.166642047844410612e+00,2.260000000000000000e+02,2.118164204784441296e+01
2.270000000000000000e+02,9.066642047844409191e+00,2.270000000000000000e+02,2.118164204784441296e+01
2.280000000000000000e+02,9.166642047844410612e+00,2.280000000000000000e+02,2.098164204784441011e+01
2.290000000000000000e+02,9.066642047844409191e+00,2.290000000000000000e+02,2.098164204784441011e+01
2.300000000000000000e+02,9.066642047844409191e+00,2.300000000000000000e+02,2.078164204784441083e+01
2.310000000000000000e+02,8.966642047844409547e+00,2.310000000000000000e+02,2.078164204784441083e+01
2.320000000000000000e+02,8.866642047844409902e+00,2.320000000000000000e+02,2.068164204784441296e+01
2.330000000000000000e+02,8.966642047844409547e+00,2.330000000000000000e+02,2.078164204784441083e+01
2.340000000000000000e+02,8.866642047844409902e+00,2.340000000000000000e+02,2.058164204784441154e+01
2.350000000000000000e+02,8.766642047844410257e+00,2.350000000000000000e+02,2.058164204784441154e+01
2.360000000000000000e+02,8.766642047844410257e+00,2.360000000000000000e+02,2.058164204784441154e+01
2.370000000000000000e+02,8.866642047844409902e+00,2.370000000000000000e+02,2.038164204784441225e+01
2.380000000000000000e+02,8.766642047844410257e+00,2.380000000000000000e+02,2.038164204784441225e+01
2.390000000000000000e+02,8.766642047844410257e+00,2.390000000000000000e+02,2.028164204784441083e+01
2.400000000000000000e+02,8.666642047844410612e+00,2.400000000000000000e+02,2.018164204784441296e+01
2.410000000000000000e+02,8.666642047844410612e+00,2.410000000000000000e+02,2.018164204784441296e+01
2.420000000000000000e+02,8.666642047844410612e+00,2.420000000000000000e+02,2.008164204784441154e+01
2.430000000000000000e+02,8.566642047844409191e+00,2.430000000000000000e+02,1.988164204784441225e+01
2.440000000000000000e+02,8.566642047844409191e+00,2.440000000000000000e+02,1.998164204784441011e+01
2.450000000000000000e+02,8.566642047844409191e+00,2.450000000000000000e+02,1.998164204784441011e+01
2.460000000000000000e+02,8.566642047844409191e+00,2.460000000000000000e+02,1.978164204784441083e+01
2.470000000000000000e+02,8.466642047844409547e+00,2.470000000000000000e+02,1.968164204784441296e+01
2.480000000000000000e+02,8.366642047844409902e+00,2.480000000000000000e+02,1.958164204784441154e+01
2.490000000000000000e+02,8.366642047844409902e+00,2.490000000000000000e+02,1.958164204784441154e+01
2.500000000000000000e+02,8.366642047844409902e+00,2.500000000000000000e+02,1.958164204784441154e+01
2.510000000000000000e+02,8.366642047844409902e+00,2.510000000000000000e+02,1.938164204784441225e+01
2.520000000000000000e+02,8.166642047844410612e+00,2.520000000000000000e+02,1.928164204784441083e+01
2.530000000000000000e+02,8.366642047844409902e+00,2.530000000000000000e+02,1.928164204784441083e+01
2.540000000000000000e+02,8.266642047844410257e+00,2.540000000000000000e+02,1.928164204784441083e+01
2.550000000000000000e+02,8.266642047844410257e+00,2.550000000000000000e+02,1.918164204784441296e+01
2.560000000000000000e+02,8.166642047844410612e+00,2.560000000000000000e+02,1.928164204784441083e+01
2.570000000000000000e+02,8.166642047844410612e+00,2.570000000000000000e+02,1.908164204784441154e+01
2.580000000000000000e+02,8.166642047844410612e+00,2.580000000000000000e+02,1.908164204784441154e+01
2.590000000000000000e+02,8.266642047844410257e+00,2.590000000000000000e+02,1.888164204784441225e+01
2.600000000000000000e+02,8.166642047844410612e+00,2.600000000000000000e+02,1.888164204784441225e+01
2.610000000000000000e+02,8.166642047844410612e+00,2.610000000000000000e+02,1.878164204784441083e+01
2.620000000000000000e+02,8.166642047844410612e+00,2.620000000000000000e+02,1.868164204784441296e+01
2.630000000000000000e+02,8.066642047844409191e+00,2.630000000000000000e+02,1.858164204784441154e+01
2.640000000000000000e+02,8.066642047844409191e+00,2.640000000000000000e+02,1.848164204784441011e+01
2.650000000000000000e+02,8.066642047844409191e+00,2.650000000000000000e+02,1.858164204784441154e+01
2.660000000000000000e+02,7.966642047844409547e+00,2.660000000000000000e+02,1.838164204784441225e+01
2.670000000000000000e+02,7.966642047844409547e+00,2.670000000000000000e+02,1.828164204784441083e+01
2.680000000000000000e+02,7.966642047844409547e+00,2.680000000000000000e+02,1.838164204784441225e+01
2.690000000000000000e+02,7.966642047844409547e+00,2.690000000000000000e+02,1.838164204784441225e+01
2.700000000000000000e+02,7.966642047844409547e+00,2.700000000000000000e+02,1.838164204784441225e+01
2.710000000000000000e+02,7.966642047844409547e+00,2.710000000000000000e+02,1.828164204784441083e+01
2.720000000000000000e+02,7.866642047844409902e+00,2.720000000000000000e+02,1.818164204784441296e+01
2.730000000000000000e+02,7.866642047844409902e+00,2.730000000000000000e+02,1.808164204784441154e+01
2.740000000000000000e+02,7.866642047844409902e+00,2.740000000000000000e+02,1.808164204784441154e+01
2.750000000000000000e+02,7.966642047844409547e+00,2.750000000000000000e+02,1.798164204784441011e+01
2.760000000000000000e+02,7.766642047844410257e+00,2.760000000000000000e+02,1.798164204784441011e+01
2.770000000000000000e+02,7.766642047844410257e+00,2.770000000000000000e+02,1.798164204784441011e+01
2.780000000000000000e+02,7.666642047844410612e+00,2.780000000000000000e+02,1.778164204784441083e+01
2.790000000000000000e+02,7.666642047844410612e+00,2.790000000000000000e+02,1.788164204784441225e+01
2.800000000000000000e+02,7.666642047844410612e+00,2.800000000000000000e+02,1.778164204784441083e+01
2.810000000000000000e+02,7.566642047844409191e+00,2.810000000000000000e+02,1.778164204784441083e+01
2.820000000000000000e+02,7.566642047844409191e+00,2.820000000000000000e+02,1.758164204784441154e+01
2.830000000000000000e+02,7.666642047844410612e+00,2.830000000000000000e+02,1.748164204784441011e+01
2.840000000000000000e+02,7.566642047844409191e+00,2.840000000000000000e+02,1.748164204784441011e+01
2.850000000000000000e+02,7.466642047844409547e+00,2.850000000000000000e+02,1.738164204784441225e+01
2.860000000000000000e+02,7.666642047844410612e+00,2.860000000000000000e+02,1.728164204784441083e+01
2.870000000000000000e+02,7.466642047844409547e+00,2.870000000000000000e+02,1.728164204784441083e+01
2.880000000000000000e+02,7.566642047844409191e+00,2.880000000000000000e+02,1.728164204784441083e+01
2.890000000000000000e+02,7.366642047844409902e+00,2.890000000000000000e+02,1.718164204784441296e+01
2.900000000000000000e+02,7.566642047844409191e+00,2.900000000000000000e+02,1.708164204784441154e+01
2.910000000000000000e+02,7.366642047844409902e+00,2.910000000000000000e+02,1.708164204784441154e+01
2.920000000000000000e+02,7.366642047844409902e+00,2.920000000000000000e+02,1.708164204784441154e+01
2.930000000000000000e+02,7.366642047844409902e+00,2.930000000000000000e+02,1.708164204784441154e+01
2.940000000000000000e+02,7.366642047844409902e+00,2.940000000000000000e+02,1.688164204784441225e+01
2.950000000000000000e+02,7.366642047844409902e+00,2.950000000000000000e+02,1.698164204784441011e+01
2.960000000000000000e+02,7.266642047844410257e+00,2.960000000000000000e+02,1.678164204784441083e+01
2.970000000000000000e+02,7.366642047844409902e+00,2.970000000000000000e+02,1.688164204784441225e+01
2.980000000000000000e+02,7.366642047844409902e+00,2.980000000000000000e+02,1.668164204784441296e+01
2.990000000000000000e+02,7.566642047844409191e+00,2.990000000000000000e+02,1.668164204784441296e+01
3.000000000000000000e+02,7.366642047844409902e+00,3.000000000000000000e+02,1.668164204784441296e+01
3.010000000000000000e+02,7.466642047844409547e+00,3.010000000000000000e+02,1.658164204784441154e+01
3.020000000000000000e+02,7.366642047844409902e+00,3.020000000000000000e+02,1.658164204784441154e+01
3.030000000000000000e+02,7.366642047844409902e+00,3.030000000000000000e+02,1.638164204784441225e+01
3.040000000000000000e+02,7.366642047844409902e+00,3.040000000000000000e+02,1.628164204784441083e+01
3.050000000000000000e+02,7.266642047844410257e+00,3.050000000000000000e+02,1.648164204784441011e+01
3.060000000000000000e+02,7.366642047844409902e+00,3.060000000000000000e+02,1.628164204784441083e+01
3.070000000000000000e+02,7.166642047844409724e+00,3.070000000000000000e+02,1.618164204784441296e+01
3.080000000000000000e+02,7.266642047844410257e+00,3.080000000000000000e+02,1.618164204784441296e+01
3.090000000000000000e+02,7.166642047844409724e+00,3.090000000000000000e+02,1.598164204784440834e+01
3.100000000000000000e+02,7.066642047844410079e+00,3.100000000000000000e+02,1.608164204784441154e+01
3.110000000000000000e+02,7.066642047844410079e+00,3.110000000000000000e+02,1.598164204784440834e+01
3.120000000000000000e+02,7.066642047844410079e+00,3.120000000000000000e+02,1.588164204784441047e+01
3.130000000000000000e+02,6.866642047844409902e+00,3.130000000000000000e+02,1.578164204784440905e+01
3.140000000000000000e+02,6.966642047844409547e+00,3.140000000000000000e+02,1.588164204784441047e+01
3.150000000000000000e+02,6.866642047844409902e+00,3.150000000000000000e+02,1.568164204784441118e+01
3.160000000000000000e+02,7.066642047844410079e+00,3.160000000000000000e+02,1.578164204784440905e+01
3.170000000000000000e+02,6.866642047844409902e+00,3.170000000000000000e+02,1.578164204784440905e+01
3.180000000000000000e+02,6.966642047844409547e+00,3.180000000000000000e+02,1.578164204784440905e+01
3.190000000000000000e+02,6.866642047844409902e+00,3.190000000000000000e+02,1.578164204784440905e+01
3.200000000000000000e+02,6.866642047844409902e+00,3.200000000000000000e+02,1.568164204784441118e+01
3.210000000000000000e+02,6.866642047844409902e+00,3.210000000000000000e+02,1.558164204784440976e+01
3.220000000000000000e+02,6.866642047844409902e+00,3.220000000000000000e+02,1.558164204784440976e+01
3.230000000000000000e+02,6.866642047844409902e+00,3.230000000000000000e+02,1.568164204784441118e+01
3.240000000000000000e+02,6.866642047844409902e+00,3.240000000000000000e+02,1.558164204784440976e+01
3.250000000000000000e+02,6.866642047844409902e+00,3.250000000000000000e+02,1.558164204784440976e+01
3.260000000000000000e+02,6.666642047844409724e+00,3.260000000000000000e+02,1.558164204784440976e+01
3.270000000000000000e+02,6.866642047844409902e+00,3.270000000000000000e+02,1.538164204784441047e+01
3.280000000000000000e+02,6.666642047844409724e+00,3.280000000000000000e+02,1.528164204784441083e+01
3.290000000000000000e+02,6.866642047844409902e+00,3.290000000000000000e+02,1.528164204784441083e+01
3.300000000000000000e+02,6.766642047844410257e+00,3.300000000000000000e+02,1.528164204784441083e+01
3.310000000000000000e+02,6.666642047844409724e+00,3.310000000000000000e+02,1.518164204784440940e+01
3.320000000000000000e+02,6.766642047844410257e+00,3.320000000000000000e+02,1.498164204784441011e+01
3.330000000000000000e+02,6.666642047844409724e+00,3.330000000000000000e+02,1.518164204784440940e+01
3.340000000000000000e+02,6.766642047844410257e+00,3.340000000000000000e+02,1.498164204784441011e+01
3.350000000000000000e+02,6.666642047844409724e+00,3.350000000000000000e+02,1.498164204784441011e+01
3.360000000000000000e+02,6.666642047844409724e+00,3.360000000000000000e+02,1.488164204784441047e+01
3.370000000000000000e+02,6.566642047844410079e+00,3.370000000000000000e+02,1.488164204784441047e+01
3.380000000000000000e+02,6.566642047844410079e+00,3.380000000000000000e+02,1.498164204784441011e+01
3.390000000000000000e+02,6.466642047844409547e+00,3.390000000000000000e+02,1.488164204784441047e+01
3.400000000000000000e+02,6.566642047844410079e+00,3.400000000000000000e+02,1.478164204784441083e+01
3.410000000000000000e+02,6.466642047844409547e+00,3.410000000000000000e+02,1.468164204784440940e+01
3.420000000000000000e+02,6.566642047844410079e+00,3.420000000000000000e+02,1.468164204784440940e+01
3.430000000000000000e+02,6.466642047844409547e+00,3.430000000000000000e+02,1.458164204784440976e+01
3.440000000000000000e+02,6.466642047844409547e+00,3.440000000000000000e+02,1.448164204784441011e+01
3.450000000000000000e+02,6.666642047844409724e+00,3.450000000000000000e+02,1.458164204784440976e+01
3.460000000000000000e+02,6.466642047844409547e+00,3.460000000000000000e+02,1.448164204784441011e+01
3.470000000000000000e+02,6.466642047844409547e+00,3.470000000000000000e+02,1.448164204784441011e+01
3.480000000000000000e+02,6.466642047844409547e+00,3.480000000000000000e+02,1.438164204784441047e+01
3.490000000000000000e+02,6.566642047844410079e+00,3.490000000000000000e+02,1.438164204784441047e+01
3.500000000000000000e+02,6.466642047844409547e+00,3.500000000000000000e+02,1.438164204784441047e+01
3.510000000000000000e+02,6.366642047844409902e+00,3.510000000000000000e+02,1.428164204784441083e+01
3.520000000000000000e+02,6.466642047844409547e+00,3.520000000000000000e+02,1.438164204784441047e+01
3.530000000000000000e+02,6.366642047844409902e+00,3.530000000000000000e+02,1.428164204784441083e+01
3.540000000000000000e+02,6.366642047844409902e+00,3.540000000000000000e+02,1.428164204784441083e+01
3.550000000000000000e+02,6.266642047844410257e+00,3.550000000000000000e+02,1.428164204784441083e+01
3.560000000000000000e+02,6.366642047844409902e+00,3.560000000000000000e+02,1.418164204784440940e+01
3.570000000000000000e+02,6.266642047844410257e+00,3.570000000000000000e+02,1.428164204784441083e+01
3.580000000000000000e+02,6.266642047844410257e+00,3.580000000000000000e+02,1.408164204784440976e+01
3.590000000000000000e+02,6.066642047844410079e+00,3.590000000000000000e+02,1.398164204784441011e+01
3.600000000000000000e+02,6.266642047844410257e+00,3.600000000000000000e+02,1.388164204784441047e+01
3.610000000000000000e+02,6.166642047844409724e+00,3.610000000000000000e+02,1.388164204784441047e+01
3.620000000000000000e+02,6.166642047844409724e+00,3.620000000000000000e+02,1.388164204784441047e+01
3.630000000000000000e+02,6.266642047844410257e+00,3.630000000000000000e+02,1.378164204784441083e+01
3.640000000000000000e+02,6.166642047844409724e+00,3.640000000000000000e+02,1.398164204784441011e+01
3.650000000000000000e+02,6.166642047844409724e+00,3.650000000000000000e+02,1.378164204784441083e+01
3.660000000000000000e+02,6.066642047844410079e+00,3.660000000000000000e+02,1.388164204784441047e+01
3.670000000000000000e+02,5.966642047844409547e+00,3.670000000000000000e+02,1.378164204784441083e+01
3.680000000000000000e+02,6.066642047844410079e+00,3.680000000000000000e+02,1.378164204784441083e+01
3.690000000000000000e+02,5.966642047844409547e+00,3.690000000000000000e+02,1.368164204784440940e+01
3.700000000000000000e+02,6.066642047844410079e+00,3.700000000000000000e+02,1.368164204784440940e+01
3.710000000000000000e+02,5.966642047844409547e+00,3.710000000000000000e+02,1.358164204784440976e+01
3.720000000000000000e+02,5.966642047844409547e+00,3.720000000000000000e+02,1.358164204784440976e+01
3.730000000000000000e+02,5.866642047844409902e+00,3.730000000000000000e+02,1.338164204784441047e+01
3.740000000000000000e+02,5.966642047844409547e+00,3.740000000000000000e+02,1.358164204784440976e+01
3.750000000000000000e+02,5.966642047844409547e+00,3.750000000000000000e+02,1.338164204784441047e+01
3.760000000000000000e+02,5.966642047844409547e+00,3.760000000000000000e+02,1.338164204784441047e+01
3.770000000000000000e+02,5.866642047844409902e+00,3.770000000000000000e+02,1.348164204784441011e+01
3.780000000000000000e+02,5.966642047844409547e+00,3.780000000000000000e+02,1.338164204784441047e+01
3.790000000000000000e+02,5.866642047844409902e+00,3.790000000000000000e+02,1.328164204784441083e+01
3.800000000000000000e+02,5.766642047844410257e+00,3.800000000000000000e+02,1.338164204784441047e+01
3.810000000000000000e+02,5.766642047844410257e+00,3.810000000000000000e+02,1.318164204784440940e+01
3.820000000000000000e+02,5.766642047844410257e+00,3.820000000000000000e+02,1.338164204784441047e+01
3.830000000000000000e+02,5.766642047844410257e+00,3.830000000000000000e+02,1.318164204784440940e+01
3.840000000000000000e+02,5.766642047844410257e+00,3.840000000000000000e+02,1.308164204784440976e+01
3.850000000000000000e+02,5.766642047844410257e+00,3.850000000000000000e+02,1.318164204784440940e+01
3.860000000000000000e+02,5.766642047844410257e+00,3.860000000000000000e+02,1.318164204784440940e+01
3.870000000000000000e+02,5.766642047844410257e+00,3.870000000000000000e+02,1.308164204784440976e+01
3.880000000000000000e+02,5.766642047844410257e+00,3.880000000000000000e+02,1.298164204784441011e+01
3.890000000000000000e+02,5.766642047844410257e+00,3.890000000000000000e+02,1.298164204784441011e+01
3.900000000000000000e+02,5.666642047844409724e+00,3.900000000000000000e+02,1.288164204784441047e+01
3.910000000000000000e+02,5.766642047844410257e+00,3.910000000000000000e+02,1.288164204784441047e+01
3.920000000000000000e+02,5.666642047844409724e+00,3.920000000000000000e+02,1.288164204784441047e+01
3.930000000000000000e+02,5.566642047844410079e+00,3.930000000000000000e+02,1.288164204784441047e+01
3.940000000000000000e+02,5.566642047844410079e+00,3.940000000000000000e+02,1.278164204784441083e+01
3.950000000000000000e+02,5.666642047844409724e+00,3.950000000000000000e+02,1.288164204784441047e+01
3.960000000000000000e+02,5.666642047844409724e+00,3.960000000000000000e+02,1.278164204784441083e+01
3.970000000000000000e+02,5.666642047844409724e+00,3.970000000000000000e+02,1.268164204784440940e+01
3.980000000000000000e+02,5.666642047844409724e+00,3.980000000000000000e+02,1.268164204784440940e+01
3.990000000000000000e+02,5.466642047844409547e+00,3.990000000000000000e+02,1.268164204784440940e+01
4.000000000000000000e+02,5.666642047844409724e+00,4.000000000000000000e+02,1.258164204784440976e+01
4.010000000000000000e+02,5.566642047844410079e+00,4.010000000000000000e+02,1.268164204784440940e+01
4.020000000000000000e+02,5.666642047844409724e+00,4.020000000000000000e+02,1.258164204784440976e+01
4.030000000000000000e+02,5.566642047844410079e+00,4.030000000000000000e+02,1.258164204784440976e+01
4.040000000000000000e+02,5.566642047844410079e+00,4.040000000000000000e+02,1.258164204784440976e+01
4.050000000000000000e+02,5.466642047844409547e+00,4.050000000000000000e+02,1.258164204784440976e+01
4.060000000000000000e+02,5.366642047844409902e+00,4.060000000000000000e+02,1.248164204784441011e+01
4.070000000000000000e+02,5.366642047844409902e+00,4.070000000000000000e+02,1.248164204784441011e+01
4.080000000000000000e+02,5.366642047844409902e+00,4.080000000000000000e+02,1.228164204784441083e+01
4.090000000000000000e+02,5.466642047844409547e+00,4.090000000000000000e+02,1.228164204784441083e+01
4.100000000000000000e+02,5.466642047844409547e+00,4.100000000000000000e+02,1.238164204784441047e+01
4.110000000000000000e+02,5.266642047844410257e+00,4.110000000000000000e+02,1.218164204784440940e+01
4.120000000000000000e+02,5.466642047844409547e+00,4.120000000000000000e+02,1.228164204784441083e+01
4.130000000000000000e+02,5.266642047844410257e+00,4.130000000000000000e+02,1.218164204784440940e+01
4.140000000000000000e+02,5.266642047844410257e+00,4.140000000000000000e+02,1.228164204784441083e+01
4.150000000000000000e+02,5.166642047844409724e+00,4.150000000000000000e+02,1.208164204784440976e+01
4.160000000000000000e+02,5.166642047844409724e+00,4.160000000000000000e+02,1.218164204784440940e+01
4.170000000000000000e+02,5.266642047844410257e+00,4.170000000000000000e+02,1.208164204784440976e+01
4.180000000000000000e+02,5.266642047844410257e+00,4.180000000000000000e+02,1.208164204784440976e+01
4.190000000000000000e+02,5.266642047844410257e+00,4.190000000000000000e+02,1.208164204784440976e+01
4.200000000000000000e+02,5.266642047844410257e+00,4.200000000000000000e+02,1.198164204784441011e+01
4.210000000000000000e+02,5.266642047844410257e+00,4.210000000000000000e+02,1.208164204784440976e+01
4.220000000000000000e+02,5.166642047844409724e+00,4.220000000000000000e+02,1.198164204784441011e+01
4.230000000000000000e+02,5.166642047844409724e+00,4.230000000000000000e+02,1.208164204784440976e+01
4.240000000000000000e+02,5.266642047844410257e+00,4.240000000000000000e+02,1.188164204784441047e+01
4.250000000000000000e+02,5.166642047844409724e+00,4.250000000000000000e+02,1.198164204784441011e+01
4.260000000000000000e+02,5.166642047844409724e+00,4.260000000000000000e+02,1.198164204784441011e+01
4.270000000000000000e+02,5.266642047844410257e+00,4.270000000000000000e+02,1.188164204784441047e+01
4.280000000000000000e+02,5.266642047844410257e+00,4.280000000000000000e+02,1.178164204784441083e+01
4.290000000000000000e+02,5.166642047844409724e+00,4.290000000000000000e+02,1.198164204784441011e+01
4.300000000000000000e+02,5.166642047844409724e+00,4.300000000000000000e+02,1.178164204784441083e+01
4.310000000000000000e+02,5.066642047844410079e+00,4.310000000000000000e+02,1.178164204784441083e+01
4.320000000000000000e+02,5.166642047844409724e+00,4.320000000000000000e+02,1.168164204784440940e+01
4.330000000000000000e+02,5.166642047844409724e+00,4.330000000000000000e+02,1.158164204784440976e+01
4.340000000000000000e+02,5.166642047844409724e+00,4.340000000000000000e+02,1.168164204784440940e+01
4.350000000000000000e+02,5.066642047844410079e+00,4.350000000000000000e+02,1.148164204784441011e+01
4.360000000000000000e+02,5.166642047844409724e+00,4.360000000000000000e+02,1.158164204784440976e+01
4.370000000000000000e+02,5.166642047844409724e+00,4.370000000000000000e+02,1.158164204784440976e+01
4.380000000000000000e+02,5.066642047844410079e+00,4.380000000000000000e+02,1.148164204784441011e+01
4.390000000000000000e+02,5.066642047844410079e+00,4.390000000000000000e+02,1.158164204784440976e+01
4.400000000000000000e+02,4.966642047844409547e+00,4.400000000000000000e+02,1.148164204784441011e+01
4.410000000000000000e+02,5.066642047844410079e+00,4.410000000000000000e+02,1.148164204784441011e+01
4.420000000000000000e+02,4.966642047844409547e+00,4.420000000000000000e+02,1.138164204784441047e+01
4.430000000000000000e+02,5.066642047844410079e+00,4.430000000000000000e+02,1.138164204784441047e+01
4.440000000000000000e+02,4.966642047844409547e+00,4.440000000000000000e+02,1.138164204784441047e+01
4.450000000000000000e+02,4.866642047844409902e+00,4.450000000000000000e+02,1.128164204784441083e+01
4.460000000000000000e+02,4.866642047844409902e+00,4.460000000000000000e+02,1.138164204784441047e+01
4.470000000000000000e+02,4.966642047844409547e+00,4.470000000000000000e+02,1.138164204784441047e+01
4.480000000000000000e+02,4.866642047844409902e+00,4.480000000000000000e+02,1.128164204784441083e+01
4.490000000000000000e+02,4.966642047844409547e+00,4.490000000000000000e+02,1.128164204784441083e+01
4.500000000000000000e+02,4.966642047844409547e+00,4.500000000000000000e+02,1.128164204784441083e+01
4.510000000000000000e+02,4.866642047844409902e+00,4.510000000000000000e+02,1.128164204784441083e+01
4.520000000000000000e+02,4.966642047844409547e+00,4.520000000000000000e+02,1.118164204784440940e+01
4.530000000000000000e+02,4.866642047844409902e+00,4.530000000000000000e+02,1.108164204784440976e+01
4.540000000000000000e+02,4.866642047844409902e+00,4.540000000000000000e+02,1.098164204784441011e+01
4.550000000000000000e+02,4.866642047844409902e+00,4.550000000000000000e+02,1.108164204784440976e+01
4.560000000000000000e+02,4.966642047844409547e+00,4.560000000000000000e+02,1.108164204784440976e+01
4.570000000000000000e+02,4.866642047844409902e+00,4.570000000000000000e+02,1.098164204784441011e+01
4.580000000000000000e+02,4.766642047844410257e+00,4.580000000000000000e+02,1.088164204784441047e+01
4.590000000000000000e+02,4.666642047844409724e+00,4.590000000000000000e+02,1.088164204784441047e+01
4.600000000000000000e+02,4.766642047844410257e+00,4.600000000000000000e+02,1.078164204784441083e+01
4.610000000000000000e+02,4.666642047844409724e+00,4.610000000000000000e+02,1.078164204784441083e+01
4.620000000000000000e+02,4.666642047844409724e+00,4.620000000000000000e+02,1.068164204784440940e+01
4.630000000000000000e+02,4.666642047844409724e+00,4.630000000000000000e+02,1.068164204784440940e+01
4.640000000000000000e+02,4.666642047844409724e+00,4.640000000000000000e+02,1.078164204784441083e+01
4.650000000000000000e+02,4.666642047844409724e+00,4.650000000000000000e+02,1.078164204784441083e+01
4.660000000000000000e+02,4.666642047844409724e+00,4.660000000000000000e+02,1.078164204784441083e+01
4.670000000000000000e+02,4.666642047844409724e+00,4.670000000000000000e+02,1.068164204784440940e+01
4.680000000000000000e+02,4.766642047844410257e+00,4.680000000000000000e+02,1.078164204784441083e+01
4.690000000000000000e+02,4.666642047844409724e+00,4.690000000000000000e+02,1.078164204784441083e+01
4.700000000000000000e+02,4.666642047844409724e+00,4.700000000000000000e+02,1.058164204784440976e+01
4.710000000000000000e+02,4.666642047844409724e+00,4.710000000000000000e+02,1.068164204784440940e+01
4.720000000000000000e+02,4.666642047844409724e+00,4.720000000000000000e+02,1.068164204784440940e+01
4.730000000000000000e+02,4.666642047844409724e+00,4.730000000000000000e+02,1.058164204784440976e+01
4.740000000000000000e+02,4.566642047844410079e+00,4.740000000000000000e+02,1.048164204784441011e+01
4.750000000000000000e+02,4.566642047844410079e+00,4.750000000000000000e+02,1.048164204784441011e+01
4.760000000000000000e+02,4.466642047844409547e+00,4.760000000000000000e+02,1.048164204784441011e+01
4.770000000000000000e+02,4.466642047844409547e+00,4.770000000000000000e+02,1.048164204784441011e+01
4.780000000000000000e+02,4.666642047844409724e+00,4.780000000000000000e+02,1.038164204784441047e+01
4.790000000000000000e+02,4.566642047844410079e+00,4.790000000000000000e+02,1.038164204784441047e+01
4.800000000000000000e+02,4.666642047844409724e+00,4.800000000000000000e+02,1.048164204784441011e+01
4.810000000000000000e+02,4.566642047844410079e+00,4.810000000000000000e+02,1.048164204784441011e+01
4.820000000000000000e+02,4.566642047844410079e+00,4.820000000000000000e+02,1.038164204784441047e+01
4.830000000000000000e+02,4.566642047844410079e+00,4.830000000000000000e+02,1.038164204784441047e+01
4.840000000000000000e+02,4.466642047844409547e+00,4.840000000000000000e+02,1.038164204784441047e+01
4.850000000000000000e+02,4.566642047844410079e+00,4.850000000000000000e+02,1.038164204784441047e+01
4.860000000000000000e+02,4.466642047844409547e+00,4.860000000000000000e+02,1.038164204784441047e+01
4.870000000000000000e+02,4.466642047844409547e+00,4.870000000000000000e+02,1.028164204784441083e+01
4.880000000000000000e+02,4.566642047844410079e+00,4.880000000000000000e+02,1.028164204784441083e+01
4.890000000000000000e+02,4.466642047844409547e+00,4.890000000000000000e+02,1.018164204784440940e+01
4.900000000000000000e+02,4.466642047844409547e+00,4.900000000000000000e+02,1.008164204784440976e+01
4.910000000000000000e+02,4.466642047844409547e+00,4.910000000000000000e+02,1.018164204784440940e+01
4.920000000000000000e+02,4.366642047844409902e+00,4.920000000000000000e+02,1.018164204784440940e+01
4.930000000000000000e+02,4.366642047844409902e+00,4.930000000000000000e+02,1.018164204784440940e+01
4.940000000000000000e+02,4.466642047844409547e+00,4.940000000000000000e+02,1.038164204784441047e+01
4.950000000000000000e+02,4.466642047844409547e+00,4.950000000000000000e+02,1.028164204784441083e+01
4.960000000000000000e+02,4.466642047844409547e+00,4.960000000000000000e+02,1.018164204784440940e+01
4.970000000000000000e+02,4.466642047844409547e+00,4.970000000000000000e+02,1.008164204784440976e+01
4.980000000000000000e+02,4.466642047844409547e+00,4.980000000000000000e+02,1.018164204784440940e+01
4.990000000000000000e+02,4.466642047844409547e+00,4.990000000000000000e+02,1.008164204784440976e+01
5.000000000000000000e+02,4.466642047844409547e+00,5.000000000000000000e+02,1.008164204784440976e+01
5.010000000000000000e+02,4.466642047844409547e+00,5.010000000000000000e+02,9.981642047844410115e+00
5.020000000000000000e+02,4.466642047844409547e+00,5.020000000000000000e+02,9.981642047844410115e+00
5.030000000000000000e+02,4.466642047844409547e+00,5.030000000000000000e+02,9.981642047844410115e+00
5.040000000000000000e+02,4.466642047844409547e+00,5.040000000000000000e+02,9.981642047844410115e+00
5.050000000000000000e+02,4.366642047844409902e+00,5.050000000000000000e+02,9.981642047844410115e+00
5.060000000000000000e+02,4.366642047844409902e+00,5.060000000000000000e+02,9.981642047844410115e+00
5.070000000000000000e+02,4.366642047844409902e+00,5.070000000000000000e+02,9.881642047844410470e+00
5.080000000000000000e+02,4.266642047844410257e+00,5.080000000000000000e+02,9.681642047844409404e+00
5.090000000000000000e+02,4.266642047844410257e+00,5.090000000000000000e+02,9.881642047844410470e+00
5.100000000000000000e+02,4.166642047844409724e+00,5.100000000000000000e+02,9.681642047844409404e+00
5.110000000000000000e+02,4.166642047844409724e+00,5.110000000000000000e+02,9.681642047844409404e+00
5.120000000000000000e+02,4.366642047844409902e+00,5.120000000000000000e+02,9.681642047844409404e+00
5.130000000000000000e+02,4.166642047844409724e+00,5.130000000000000000e+02,9.681642047844409404e+00
5.140000000000000000e+02,4.266642047844410257e+00,5.140000000000000000e+02,9.681642047844409404e+00
5.150000000000000000e+02,4.366642047844409902e+00,5.150000000000000000e+02,9.681642047844409404e+00
5.160000000000000000e+02,4.166642047844409724e+00,5.160000000000000000e+02,9.781642047844410826e+00
5.170000000000000000e+02,4.166642047844409724e+00,5.170000000000000000e+02,9.681642047844409404e+00
5.180000000000000000e+02,4.166642047844409724e+00,5.180000000000000000e+02,9.681642047844409404e+00
5.190000000000000000e+02,4.266642047844410257e+00,5.190000000000000000e+02,9.681642047844409404e+00
5.200000000000000000e+02,4.266642047844410257e+00,5.200000000000000000e+02,9.581642047844409760e+00
5.210000000000000000e+02,4.266642047844410257e+00,5.210000000000000000e+02,9.581642047844409760e+00
5.220000000000000000e+02,4.166642047844409724e+00,5.220000000000000000e+02,9.681642047844409404e+00
5.230000000000000000e+02,4.266642047844410257e+00,5.230000000000000000e+02,9.581642047844409760e+00
5.240000000000000000e+02,4.266642047844410257e+00,5.240000000000000000e+02,9.481642047844410115e+00
5.250000000000000000e+02,4.266642047844410257e+00,5.250000000000000000e+02,9.381642047844410470e+00
5.260000000000000000e+02,4.066642047844410079e+00,5.260000000000000000e+02,9.581642047844409760e+00
5.270000000000000000e+02,4.266642047844410257e+00,5.270000000000000000e+02,9.481642047844410115e+00
5.280000000000000000e+02,4.166642047844409724e+00,5.280000000000000000e+02,9.481642047844410115e+00
5.290000000000000000e+02,4.066642047844410079e+00,5.290000000000000000e+02,9.381642047844410470e+00
5.300000000000000000e+02,4.066642047844410079e+00,5.300000000000000000e+02,9.281642047844410826e+00
5.310000000000000000e+02,4.066642047844410079e+00,5.310000000000000000e+02,9.381642047844410470e+00
5.320000000000000000e+02,3.966642047844409547e+00,5.320000000000000000e+02,9.481642047844410115e+00
5.330000000000000000e+02,3.966642047844409547e+00,5.330000000000000000e+02,9.381642047844410470e+00
5.340000000000000000e+02,3.966642047844409547e+00,5.340000000000000000e+02,9.281642047844410826e+00
5.350000000000000000e+02,3.966642047844409547e+00,5.350000000000000000e+02,9.181642047844409404e+00
5.360000000000000000e+02,4.066642047844410079e+00,5.360000000000000000e+02,9.381642047844410470e+00
5.370000000000000000e+02,4.066642047844410079e+00,5.370000000000000000e+02,9.181642047844409404e+00
5.380000000000000000e+02,3.966642047844409547e+00,5.380000000000000000e+02,9.281642047844410826e+00
5.390000000000000000e+02,3.966642047844409547e+00,5.390000000000000000e+02,9.281642047844410826e+00
5.400000000000000000e+02,4.066642047844410079e+00,5.400000000000000000e+02,9.181642047844409404e+00
5.410000000000000000e+02,3.966642047844409547e+00,5.410000000000000000e+02,9.181642047844409404e+00
5.420000000000000000e+02,3.966642047844409547e+00,5.420000000000000000e+02,9.081642047844409760e+00
5.430000000000000000e+02,3.966642047844409547e+00,5.430000000000000000e+02,9.181642047844409404e+00
5.440000000000000000e+02,3.966642047844409547e+00,5.440000000000000000e+02,9.081642047844409760e+00
5.450000000000000000e+02,3.966642047844409547e+00,5.450000000000000000e+02,9.181642047844409404e+00
5.460000000000000000e+02,3.866642047844409902e+00,5.460000000000000000e+02,9.181642047844409404e+00
5.470000000000000000e+02,3.966642047844409547e+00,5.470000000000000000e+02,9.081642047844409760e+00
5.480000000000000000e+02,4.066642047844410079e+00,5.480000000000000000e+02,9.081642047844409760e+00
5.490000000000000000e+02,3.866642047844409902e+00,5.490000000000000000e+02,9.181642047844409404e+00
5.500000000000000000e+02,3.966642047844409547e+00,5.500000000000000000e+02,9.081642047844409760e+00
5.510000000000000000e+02,3.866642047844409902e+00,5.510000000000000000e+02,8.981642047844410115e+00
5.520000000000000000e+02,3.966642047844409547e+00,5.520000000000000000e+02,8.981642047844410115e+00
5.530000000000000000e+02,3.866642047844409902e+00,5.530000000000000000e+02,8.981642047844410115e+00
5.540000000000000000e+02,3.866642047844409902e+00,5.540000000000000000e+02,9.081642047844409760e+00
5.550000000000000000e+02,3.866642047844409902e+00,5.550000000000000000e+02,9.081642047844409760e+00
5.560000000000000000e+02,3.866642047844409902e+00,5.560000000000000000e+02,9.081642047844409760e+00
5.570000000000000000e+02,3.866642047844409902e+00,5.570000000000000000e+02,8.981642047844410115e+00
5.580000000000000000e+02,3.866642047844409902e+00,5.580000000000000000e+02,8.981642047844410115e+00
5.590000000000000000e+02,3.866642047844409902e+00,5.590000000000000000e+02,8.981642047844410115e+00
5.600000000000000000e+02,3.866642047844409902e+00,5.600000000000000000e+02,8.881642047844410470e+00
5.610000000000000000e+02,3.766642047844410257e+00,5.610000000000000000e+02,8.881642047844410470e+00
5.620000000000000000e+02,3.866642047844409902e+00,5.620000000000000000e+02,9.081642047844409760e+00
5.630000000000000000e+02,3.866642047844409902e+00,5.630000000000000000e+02,8.881642047844410470e+00
5.640000000000000000e+02,3.766642047844410257e+00,5.640000000000000000e+02,8.981642047844410115e+00
5.650000000000000000e+02,3.766642047844410257e+00,5.650000000000000000e+02,8.981642047844410115e+00
5.660000000000000000e+02,3.866642047844409902e+00,5.660000000000000000e+02,8.881642047844410470e+00
5.670000000000000000e+02,3.766642047844410257e+00,5.670000000000000000e+02,8.781642047844410826e+00
5.680000000000000000e+02,3.766642047844410257e+00,5.680000000000000000e+02,8.781642047844410826e+00
5.690000000000000000e+02,3.766642047844410257e+00,5.690000000000000000e+02,8.781642047844410826e+00
5.700000000000000000e+02,3.766642047844410257e+00,5.700000000000000000e+02,8.881642047844410470e+00
5.710000000000000000e+02,3.766642047844410257e+00,5.710000000000000000e+02,8.781642047844410826e+00
5.720000000000000000e+02,3.766642047844410257e+00,5.720000000000000000e+02,8.781642047844410826e+00
5.730000000000000000e+02,3.666642047844409724e+00,5.730000000000000000e+02,8.781642047844410826e+00
5.740000000000000000e+02,3.566642047844410079e+00,5.740000000000000000e+02,8.881642047844410470e+00
5.750000000000000000e+02,3.566642047844410079e+00,5.750000000000000000e+02,8.781642047844410826e+00
5.760000000000000000e+02,3.766642047844410257e+00,5.760000000000000000e+02,8.681642047844409404e+00
5.770000000000000000e+02,3.666642047844409724e+00,5.770000000000000000e+02,8.681642047844409404e+00
5.780000000000000000e+02,3.666642047844409724e+00,5.780000000000000000e+02,8.781642047844410826e+00
5.790000000000000000e+02,3.666642047844409724e+00,5.790000000000000000e+02,8.681642047844409404e+00
5.800000000000000000e+02,3.666642047844409724e+00,5.800000000000000000e+02,8.681642047844409404e+00
5.810000000000000000e+02,3.666642047844409724e+00,5.810000000000000000e+02,8.581642047844409760e+00
5.820000000000000000e+02,3.566642047844410079e+00,5.820000000000000000e+02,8.581642047844409760e+00
5.830000000000000000e+02,3.466642047844409547e+00,5.830000000000000000e+02,8.481642047844410115e+00
5.840000000000000000e+02,3.466642047844409547e+00,5.840000000000000000e+02,8.481642047844410115e+00
5.850000000000000000e+02,3.466642047844409547e+00,5.850000000000000000e+02,8.481642047844410115e+00
5.860000000000000000e+02,3.466642047844409547e+00,5.860000000000000000e+02,8.381642047844410470e+00
5.870000000000000000e+02,3.466642047844409547e+00,5.870000000000000000e+02,8.381642047844410470e+00
5.880000000000000000e+02,3.366642047844409902e+00,5.880000000000000000e+02,8.281642047844410826e+00
5.890000000000000000e+02,3.566642047844410079e+00,5.890000000000000000e+02,8.381642047844410470e+00
5.900000000000000000e+02,3.566642047844410079e+00,5.900000000000000000e+02,8.381642047844410470e+00
5.910000000000000000e+02,3.566642047844410079e+00,5.910000000000000000e+02,8.481642047844410115e+00
5.920000000000000000e+02,3.666642047844409724e+00,5.920000000000000000e+02,8.381642047844410470e+00
5.930000000000000000e+02,3.666642047844409724e+00,5.930000000000000000e+02,8.381642047844410470e+00
5.940000000000000000e+02,3.666642047844409724e+00,5.940000000000000000e+02,8.281642047844410826e+00
5.950000000000000000e+02,3.666642047844409724e+00,5.950000000000000000e+02,8.281642047844410826e+00
5.960000000000000000e+02,3.466642047844409547e+00,5.960000000000000000e+02,8.281642047844410826e+00
5.970000000000000000e+02,3.466642047844409547e+00,5.970000000000000000e+02,8.381642047844410470e+00
5.980000000000000000e+02,3.466642047844409547e+00,5.980000000000000000e+02,8.281642047844410826e+00
5.990000000000000000e+02,3.466642047844409547e+00,5.990000000000000000e+02,8.281642047844410826e+00
