time (s), 1.250000,time (s), 2.500000,time (s), 5.000000
5.000000000000000000e+00,-3.900000000000000133e-01,5.000000000000000000e+00,-6.189999999999999947e-01,5.000000000000000000e+00,2.887000000000000011e+00
6.000000000000000000e+00,-2.899999999999999800e-01,6.000000000000000000e+00,-4.189999999999999836e-01,6.000000000000000000e+00,2.987000000000000099e+00
7.000000000000000000e+00,-3.900000000000000133e-01,7.000000000000000000e+00,-2.190000000000000002e-01,7.000000000000000000e+00,3.087000000000000188e+00
8.000000000000000000e+00,-8.999999999999999667e-02,8.000000000000000000e+00,8.100000000000000255e-02,8.000000000000000000e+00,3.487000000000000099e+00
9.000000000000000000e+00,-8.999999999999999667e-02,9.000000000000000000e+00,8.100000000000000255e-02,9.000000000000000000e+00,3.587000000000000188e+00
1.000000000000000000e+01,1.000000000000000021e-02,1.000000000000000000e+01,2.810000000000000275e-01,1.000000000000000000e+01,3.987000000000000099e+00
1.100000000000000000e+01,2.099999999999999922e-01,1.100000000000000000e+01,5.809999999999999609e-01,1.100000000000000000e+01,4.187000000000000277e+00
1.200000000000000000e+01,2.099999999999999922e-01,1.200000000000000000e+01,6.810000000000000497e-01,1.200000000000000000e+01,4.487000000000000099e+00
1.300000000000000000e+01,3.099999999999999978e-01,1.300000000000000000e+01,6.810000000000000497e-01,1.300000000000000000e+01,4.487000000000000099e+00
1.400000000000000000e+01,4.099999999999999756e-01,1.400000000000000000e+01,1.080999999999999961e+00,1.400000000000000000e+01,4.786999999999999922e+00
1.500000000000000000e+01,4.099999999999999756e-01,1.500000000000000000e+01,9.809999999999999831e-01,1.500000000000000000e+01,4.886999999999999567e+00
1.600000000000000000e+01,6.099999999999999867e-01,1.600000000000000000e+01,1.181000000000000050e+00,1.600000000000000000e+01,5.086999999999999744e+00
1.700000000000000000e+01,7.099999999999999645e-01,1.700000000000000000e+01,1.681000000000000050e+00,1.700000000000000000e+01,5.386999999999999567e+00
1.800000000000000000e+01,8.100000000000000533e-01,1.800000000000000000e+01,1.681000000000000050e+00,1.800000000000000000e+01,5.586999999999999744e+00
1.900000000000000000e+01,7.099999999999999645e-01,1.900000000000000000e+01,1.780999999999999917e+00,1.900000000000000000e+01,5.687000000000000277e+00
2.000000000000000000e+01,8.100000000000000533e-01,2.000000000000000000e+01,1.780999999999999917e+00,2.000000000000000000e+01,5.786999999999999922e+00
2.100000000000000000e+01,9.100000000000000311e-01,2.100000000000000000e+01,1.981000000000000094e+00,2.100000000000000000e+01,5.987000000000000099e+00
2.200000000000000000e+01,1.010000000000000009e+00,2.200000000000000000e+01,2.281000000000000139e+00,2.200000000000000000e+01,6.286999999999999922e+00
2.300000000000000000e+01,1.110000000000000098e+00,2.300000000000000000e+01,2.281000000000000139e+00,2.300000000000000000e+01,6.487000000000000099e+00
2.400000000000000000e+01,1.209999999999999964e+00,2.400000000000000000e+01,2.480999999999999872e+00,2.400000000000000000e+01,6.786999999999999922e+00
2.500000000000000000e+01,1.110000000000000098e+00,2.500000000000000000e+01,2.380999999999999783e+00,2.500000000000000000e+01,6.687000000000000277e+00
2.600000000000000000e+01,1.310000000000000053e+00,2.600000000000000000e+01,2.681000000000000050e+00,2.600000000000000000e+01,6.987000000000000099e+00
2.700000000000000000e+01,1.409999999999999920e+00,2.700000000000000000e+01,2.781000000000000139e+00,2.700000000000000000e+01,7.187000000000000277e+00
2.800000000000000000e+01,1.510000000000000009e+00,2.800000000000000000e+01,2.980999999999999872e+00,2.800000000000000000e+01,7.386999999999999567e+00
2.900000000000000000e+01,1.610000000000000098e+00,2.900000000000000000e+01,3.080999999999999961e+00,2.900000000000000000e+01,7.586999999999999744e+00
3.000000000000000000e+01,1.709999999999999964e+00,3.000000000000000000e+01,3.181000000000000050e+00,3.000000000000000000e+01,7.687000000000000277e+00
3.100000000000000000e+01,1.709999999999999964e+00,3.100000000000000000e+01,3.380999999999999783e+00,3.100000000000000000e+01,7.886999999999999567e+00
3.200000000000000000e+01,1.810000000000000053e+00,3.200000000000000000e+01,3.380999999999999783e+00,3.200000000000000000e+01,7.987000000000000099e+00
3.300000000000000000e+01,1.909999999999999920e+00,3.300000000000000000e+01,3.480999999999999872e+00,3.300000000000000000e+01,8.186999999999999389e+00
3.400000000000000000e+01,2.009999999999999787e+00,3.400000000000000000e+01,3.781000000000000139e+00,3.400000000000000000e+01,8.586999999999999744e+00
3.500000000000000000e+01,2.009999999999999787e+00,3.500000000000000000e+01,3.880999999999999783e+00,3.500000000000000000e+01,8.686999999999999389e+00
3.600000000000000000e+01,2.310000000000000053e+00,3.600000000000000000e+01,4.181000000000000050e+00,3.600000000000000000e+01,8.987000000000000099e+00
3.700000000000000000e+01,2.109999999999999876e+00,3.700000000000000000e+01,4.081000000000000405e+00,3.700000000000000000e+01,8.987000000000000099e+00
3.800000000000000000e+01,2.310000000000000053e+00,3.800000000000000000e+01,4.181000000000000050e+00,3.800000000000000000e+01,9.086999999999999744e+00
3.900000000000000000e+01,2.410000000000000142e+00,3.900000000000000000e+01,4.381000000000000227e+00,3.900000000000000000e+01,9.387000000000000455e+00
4.000000000000000000e+01,2.509999999999999787e+00,4.000000000000000000e+01,4.480999999999999872e+00,4.000000000000000000e+01,9.387000000000000455e+00
4.100000000000000000e+01,2.509999999999999787e+00,4.100000000000000000e+01,4.681000000000000050e+00,4.100000000000000000e+01,9.586999999999999744e+00
4.200000000000000000e+01,2.609999999999999876e+00,4.200000000000000000e+01,4.780999999999999694e+00,4.200000000000000000e+01,9.787000000000000810e+00
4.300000000000000000e+01,2.709999999999999964e+00,4.300000000000000000e+01,4.780999999999999694e+00,4.300000000000000000e+01,9.787000000000000810e+00
4.400000000000000000e+01,2.810000000000000053e+00,4.400000000000000000e+01,4.980999999999999872e+00,4.400000000000000000e+01,1.008699999999999974e+01
4.500000000000000000e+01,2.910000000000000142e+00,4.500000000000000000e+01,5.081000000000000405e+00,4.500000000000000000e+01,1.018699999999999939e+01
4.600000000000000000e+01,2.910000000000000142e+00,4.600000000000000000e+01,5.181000000000000050e+00,4.600000000000000000e+01,1.028700000000000081e+01
4.700000000000000000e+01,3.009999999999999787e+00,4.700000000000000000e+01,5.280999999999999694e+00,4.700000000000000000e+01,1.048700000000000010e+01
4.800000000000000000e+01,3.009999999999999787e+00,4.800000000000000000e+01,5.480999999999999872e+00,4.800000000000000000e+01,1.068699999999999939e+01
4.900000000000000000e+01,3.009999999999999787e+00,4.900000000000000000e+01,5.480999999999999872e+00,4.900000000000000000e+01,1.078700000000000081e+01
5.000000000000000000e+01,3.310000000000000053e+00,5.000000000000000000e+01,5.681000000000000050e+00,5.000000000000000000e+01,1.088700000000000045e+01
5.100000000000000000e+01,3.209999999999999964e+00,5.100000000000000000e+01,5.780999999999999694e+00,5.100000000000000000e+01,1.108699999999999974e+01
5.200000000000000000e+01,3.410000000000000142e+00,5.200000000000000000e+01,5.780999999999999694e+00,5.200000000000000000e+01,1.118699999999999939e+01
5.300000000000000000e+01,3.509999999999999787e+00,5.300000000000000000e+01,5.980999999999999872e+00,5.300000000000000000e+01,1.128700000000000081e+01
5.400000000000000000e+01,3.310000000000000053e+00,5.400000000000000000e+01,5.881000000000000227e+00,5.400000000000000000e+01,1.128700000000000081e+01
5.500000000000000000e+01,3.509999999999999787e+00,5.500000000000000000e+01,6.081000000000000405e+00,5.500000000000000000e+01,1.148700000000000010e+01
5.600000000000000000e+01,3.509999999999999787e+00,5.600000000000000000e+01,6.181000000000000050e+00,5.600000000000000000e+01,1.168699999999999939e+01
5.700000000000000000e+01,3.509999999999999787e+00,5.700000000000000000e+01,6.181000000000000050e+00,5.700000000000000000e+01,1.168699999999999939e+01
5.800000000000000000e+01,3.810000000000000053e+00,5.800000000000000000e+01,6.581000000000000405e+00,5.800000000000000000e+01,1.208699999999999974e+01
5.900000000000000000e+01,3.709999999999999964e+00,5.900000000000000000e+01,6.581000000000000405e+00,5.900000000000000000e+01,1.218699999999999939e+01
6.000000000000000000e+01,3.810000000000000053e+00,6.000000000000000000e+01,6.480999999999999872e+00,6.000000000000000000e+01,1.218699999999999939e+01
6.100000000000000000e+01,3.910000000000000142e+00,6.100000000000000000e+01,6.780999999999999694e+00,6.100000000000000000e+01,1.248700000000000010e+01
6.200000000000000000e+01,3.810000000000000053e+00,6.200000000000000000e+01,6.881000000000000227e+00,6.200000000000000000e+01,1.248700000000000010e+01
6.300000000000000000e+01,3.910000000000000142e+00,6.300000000000000000e+01,6.980999999999999872e+00,6.300000000000000000e+01,1.258699999999999974e+01
6.400000000000000000e+01,3.910000000000000142e+00,6.400000000000000000e+01,7.081000000000000405e+00,6.400000000000000000e+01,1.268699999999999939e+01
6.500000000000000000e+01,4.110000000000000320e+00,6.500000000000000000e+01,7.280999999999999694e+00,6.500000000000000000e+01,1.278700000000000081e+01
6.600000000000000000e+01,4.209999999999999964e+00,6.600000000000000000e+01,7.381000000000000227e+00,6.600000000000000000e+01,1.288700000000000045e+01
6.700000000000000000e+01,4.410000000000000142e+00,6.700000000000000000e+01,7.480999999999999872e+00,6.700000000000000000e+01,1.318699999999999939e+01
6.800000000000000000e+01,4.309999999999999609e+00,6.800000000000000000e+01,7.381000000000000227e+00,6.800000000000000000e+01,1.308699999999999974e+01
6.900000000000000000e+01,4.410000000000000142e+00,6.900000000000000000e+01,7.480999999999999872e+00,6.900000000000000000e+01,1.338700000000000045e+01
7.000000000000000000e+01,4.410000000000000142e+00,7.000000000000000000e+01,7.681000000000000050e+00,7.000000000000000000e+01,1.338700000000000045e+01
7.100000000000000000e+01,4.509999999999999787e+00,7.100000000000000000e+01,7.780999999999999694e+00,7.100000000000000000e+01,1.358699999999999974e+01
7.200000000000000000e+01,4.610000000000000320e+00,7.200000000000000000e+01,7.780999999999999694e+00,7.200000000000000000e+01,1.358699999999999974e+01
7.300000000000000000e+01,4.709999999999999964e+00,7.300000000000000000e+01,7.980999999999999872e+00,7.300000000000000000e+01,1.388700000000000045e+01
7.400000000000000000e+01,4.509999999999999787e+00,7.400000000000000000e+01,7.881000000000000227e+00,7.400000000000000000e+01,1.368699999999999939e+01
7.500000000000000000e+01,4.709999999999999964e+00,7.500000000000000000e+01,7.980999999999999872e+00,7.500000000000000000e+01,1.378700000000000081e+01
7.600000000000000000e+01,4.809999999999999609e+00,7.600000000000000000e+01,8.180999999999999162e+00,7.600000000000000000e+01,1.398700000000000010e+01
7.700000000000000000e+01,4.709999999999999964e+00,7.700000000000000000e+01,8.281000000000000583e+00,7.700000000000000000e+01,1.408699999999999974e+01
7.800000000000000000e+01,4.910000000000000142e+00,7.800000000000000000e+01,8.381000000000000227e+00,7.800000000000000000e+01,1.418699999999999939e+01
7.900000000000000000e+01,5.009999999999999787e+00,7.900000000000000000e+01,8.580999999999999517e+00,7.900000000000000000e+01,1.448700000000000010e+01
8.000000000000000000e+01,5.110000000000000320e+00,8.000000000000000000e+01,8.680999999999999162e+00,8.000000000000000000e+01,1.448700000000000010e+01
8.100000000000000000e+01,4.910000000000000142e+00,8.100000000000000000e+01,8.580999999999999517e+00,8.100000000000000000e+01,1.438700000000000045e+01
8.200000000000000000e+01,5.110000000000000320e+00,8.200000000000000000e+01,8.680999999999999162e+00,8.200000000000000000e+01,1.458699999999999974e+01
8.300000000000000000e+01,5.110000000000000320e+00,8.300000000000000000e+01,8.680999999999999162e+00,8.300000000000000000e+01,1.458699999999999974e+01
8.400000000000000000e+01,5.110000000000000320e+00,8.400000000000000000e+01,8.680999999999999162e+00,8.400000000000000000e+01,1.468699999999999939e+01
8.500000000000000000e+01,5.209999999999999964e+00,8.500000000000000000e+01,8.781000000000000583e+00,8.500000000000000000e+01,1.478700000000000081e+01
8.600000000000000000e+01,5.209999999999999964e+00,8.600000000000000000e+01,8.980999999999999872e+00,8.600000000000000000e+01,1.498700000000000010e+01
8.700000000000000000e+01,5.509999999999999787e+00,8.700000000000000000e+01,9.080999999999999517e+00,8.700000000000000000e+01,1.518699999999999939e+01
8.800000000000000000e+01,5.410000000000000142e+00,8.800000000000000000e+01,9.080999999999999517e+00,8.800000000000000000e+01,1.508699999999999974e+01
8.900000000000000000e+01,5.410000000000000142e+00,8.900000000000000000e+01,9.080999999999999517e+00,8.900000000000000000e+01,1.508699999999999974e+01
9.000000000000000000e+01,5.509999999999999787e+00,9.000000000000000000e+01,9.180999999999999162e+00,9.000000000000000000e+01,1.528700000000000081e+01
9.100000000000000000e+01,5.509999999999999787e+00,9.100000000000000000e+01,9.281000000000000583e+00,9.100000000000000000e+01,1.538700000000000045e+01
9.200000000000000000e+01,5.509999999999999787e+00,9.200000000000000000e+01,9.281000000000000583e+00,9.200000000000000000e+01,1.538700000000000045e+01
9.300000000000000000e+01,5.509999999999999787e+00,9.300000000000000000e+01,9.480999999999999872e+00,9.300000000000000000e+01,1.538700000000000045e+01
9.400000000000000000e+01,5.610000000000000320e+00,9.400000000000000000e+01,9.480999999999999872e+00,9.400000000000000000e+01,1.558699999999999974e+01
9.500000000000000000e+01,5.709999999999999964e+00,9.500000000000000000e+01,9.580999999999999517e+00,9.500000000000000000e+01,1.558699999999999974e+01
9.600000000000000000e+01,5.709999999999999964e+00,9.600000000000000000e+01,9.580999999999999517e+00,9.600000000000000000e+01,1.568699999999999939e+01
9.700000000000000000e+01,5.709999999999999964e+00,9.700000000000000000e+01,9.680999999999999162e+00,9.700000000000000000e+01,1.578700000000000081e+01
9.800000000000000000e+01,5.809999999999999609e+00,9.800000000000000000e+01,9.781000000000000583e+00,9.800000000000000000e+01,1.588700000000000045e+01
9.900000000000000000e+01,5.809999999999999609e+00,9.900000000000000000e+01,9.680999999999999162e+00,9.900000000000000000e+01,1.588700000000000045e+01
1.000000000000000000e+02,5.809999999999999609e+00,1.000000000000000000e+02,9.781000000000000583e+00,1.000000000000000000e+02,1.588700000000000045e+01
1.010000000000000000e+02,5.910000000000000142e+00,1.010000000000000000e+02,9.980999999999999872e+00,1.010000000000000000e+02,1.618700000000000117e+01
1.020000000000000000e+02,5.910000000000000142e+00,1.020000000000000000e+02,9.881000000000000227e+00,1.020000000000000000e+02,1.618700000000000117e+01
1.030000000000000000e+02,6.009999999999999787e+00,1.030000000000000000e+02,1.008099999999999952e+01,1.030000000000000000e+02,1.628699999999999903e+01
1.040000000000000000e+02,6.110000000000000320e+00,1.040000000000000000e+02,1.018099999999999916e+01,1.040000000000000000e+02,1.638700000000000045e+01
1.050000000000000000e+02,6.110000000000000320e+00,1.050000000000000000e+02,1.028100000000000058e+01,1.050000000000000000e+02,1.658699999999999974e+01
1.060000000000000000e+02,6.110000000000000320e+00,1.060000000000000000e+02,1.028100000000000058e+01,1.060000000000000000e+02,1.648699999999999832e+01
1.070000000000000000e+02,6.209999999999999964e+00,1.070000000000000000e+02,1.038100000000000023e+01,1.070000000000000000e+02,1.668700000000000117e+01
1.080000000000000000e+02,6.209999999999999964e+00,1.080000000000000000e+02,1.048099999999999987e+01,1.080000000000000000e+02,1.678699999999999903e+01
1.090000000000000000e+02,6.309999999999999609e+00,1.090000000000000000e+02,1.048099999999999987e+01,1.090000000000000000e+02,1.688700000000000045e+01
1.100000000000000000e+02,6.209999999999999964e+00,1.100000000000000000e+02,1.048099999999999987e+01,1.100000000000000000e+02,1.698699999999999832e+01
1.110000000000000000e+02,6.410000000000000142e+00,1.110000000000000000e+02,1.068099999999999916e+01,1.110000000000000000e+02,1.708699999999999974e+01
1.120000000000000000e+02,6.509999999999999787e+00,1.120000000000000000e+02,1.068099999999999916e+01,1.120000000000000000e+02,1.728699999999999903e+01
1.130000000000000000e+02,6.410000000000000142e+00,1.130000000000000000e+02,1.068099999999999916e+01,1.130000000000000000e+02,1.718700000000000117e+01
1.140000000000000000e+02,6.509999999999999787e+00,1.140000000000000000e+02,1.078100000000000058e+01,1.140000000000000000e+02,1.728699999999999903e+01
1.150000000000000000e+02,6.610000000000000320e+00,1.150000000000000000e+02,1.088100000000000023e+01,1.150000000000000000e+02,1.748699999999999832e+01
1.160000000000000000e+02,6.509999999999999787e+00,1.160000000000000000e+02,1.098099999999999987e+01,1.160000000000000000e+02,1.738700000000000045e+01
1.170000000000000000e+02,6.709999999999999964e+00,1.170000000000000000e+02,1.108099999999999952e+01,1.170000000000000000e+02,1.758699999999999974e+01
1.180000000000000000e+02,6.610000000000000320e+00,1.180000000000000000e+02,1.118099999999999916e+01,1.180000000000000000e+02,1.758699999999999974e+01
1.190000000000000000e+02,6.610000000000000320e+00,1.190000000000000000e+02,1.108099999999999952e+01,1.190000000000000000e+02,1.748699999999999832e+01
1.200000000000000000e+02,6.610000000000000320e+00,1.200000000000000000e+02,1.118099999999999916e+01,1.200000000000000000e+02,1.758699999999999974e+01
1.210000000000000000e+02,6.910000000000000142e+00,1.210000000000000000e+02,1.128100000000000058e+01,1.210000000000000000e+02,1.778699999999999903e+01
1.220000000000000000e+02,6.809999999999999609e+00,1.220000000000000000e+02,1.128100000000000058e+01,1.220000000000000000e+02,1.788700000000000045e+01
1.230000000000000000e+02,6.910000000000000142e+00,1.230000000000000000e+02,1.148099999999999987e+01,1.230000000000000000e+02,1.798699999999999832e+01
1.240000000000000000e+02,6.910000000000000142e+00,1.240000000000000000e+02,1.148099999999999987e+01,1.240000000000000000e+02,1.798699999999999832e+01
1.250000000000000000e+02,7.009999999999999787e+00,1.250000000000000000e+02,1.158099999999999952e+01,1.250000000000000000e+02,1.808699999999999974e+01
1.260000000000000000e+02,7.110000000000000320e+00,1.260000000000000000e+02,1.178100000000000058e+01,1.260000000000000000e+02,1.818700000000000117e+01
1.270000000000000000e+02,7.110000000000000320e+00,1.270000000000000000e+02,1.168099999999999916e+01,1.270000000000000000e+02,1.818700000000000117e+01
1.280000000000000000e+02,7.110000000000000320e+00,1.280000000000000000e+02,1.178100000000000058e+01,1.280000000000000000e+02,1.838700000000000045e+01
1.290000000000000000e+02,7.209999999999999964e+00,1.290000000000000000e+02,1.178100000000000058e+01,1.290000000000000000e+02,1.828699999999999903e+01
1.300000000000000000e+02,7.110000000000000320e+00,1.300000000000000000e+02,1.178100000000000058e+01,1.300000000000000000e+02,1.838700000000000045e+01
1.310000000000000000e+02,7.209999999999999964e+00,1.310000000000000000e+02,1.188100000000000023e+01,1.310000000000000000e+02,1.848699999999999832e+01
1.320000000000000000e+02,7.209999999999999964e+00,1.320000000000000000e+02,1.198099999999999987e+01,1.320000000000000000e+02,1.848699999999999832e+01
1.330000000000000000e+02,7.209999999999999964e+00,1.330000000000000000e+02,1.198099999999999987e+01,1.330000000000000000e+02,1.858699999999999974e+01
1.340000000000000000e+02,7.309999999999999609e+00,1.340000000000000000e+02,1.208099999999999952e+01,1.340000000000000000e+02,1.868700000000000117e+01
1.350000000000000000e+02,7.309999999999999609e+00,1.350000000000000000e+02,1.218099999999999916e+01,1.350000000000000000e+02,1.878699999999999903e+01
1.360000000000000000e+02,7.309999999999999609e+00,1.360000000000000000e+02,1.228100000000000058e+01,1.360000000000000000e+02,1.888700000000000045e+01
1.370000000000000000e+02,7.309999999999999609e+00,1.370000000000000000e+02,1.218099999999999916e+01,1.370000000000000000e+02,1.878699999999999903e+01
1.380000000000000000e+02,7.309999999999999609e+00,1.380000000000000000e+02,1.218099999999999916e+01,1.380000000000000000e+02,1.888700000000000045e+01
1.390000000000000000e+02,7.410000000000000142e+00,1.390000000000000000e+02,1.228100000000000058e+01,1.390000000000000000e+02,1.898699999999999832e+01
1.400000000000000000e+02,7.509999999999999787e+00,1.400000000000000000e+02,1.248099999999999987e+01,1.400000000000000000e+02,1.898699999999999832e+01
1.410000000000000000e+02,7.709999999999999964e+00,1.410000000000000000e+02,1.258099999999999952e+01,1.410000000000000000e+02,1.908699999999999974e+01
1.420000000000000000e+02,7.610000000000000320e+00,1.420000000000000000e+02,1.268099999999999916e+01,1.420000000000000000e+02,1.908699999999999974e+01
1.430000000000000000e+02,7.610000000000000320e+00,1.430000000000000000e+02,1.258099999999999952e+01,1.430000000000000000e+02,1.908699999999999974e+01
1.440000000000000000e+02,7.509999999999999787e+00,1.440000000000000000e+02,1.258099999999999952e+01,1.440000000000000000e+02,1.898699999999999832e+01
1.450000000000000000e+02,7.610000000000000320e+00,1.450000000000000000e+02,1.258099999999999952e+01,1.450000000000000000e+02,1.908699999999999974e+01
1.460000000000000000e+02,7.509999999999999787e+00,1.460000000000000000e+02,1.258099999999999952e+01,1.460000000000000000e+02,1.908699999999999974e+01
1.550000000000000000e+02,7.610000000000000320e+00,1.550000000000000000e+02,1.268099999999999916e+01,1.550000000000000000e+02,1.888700000000000045e+01
1.560000000000000000e+02,7.610000000000000320e+00,1.560000000000000000e+02,1.268099999999999916e+01,1.560000000000000000e+02,1.898699999999999832e+01
1.570000000000000000e+02,7.709999999999999964e+00,1.570000000000000000e+02,1.278100000000000058e+01,1.570000000000000000e+02,1.888700000000000045e+01
1.580000000000000000e+02,7.809999999999999609e+00,1.580000000000000000e+02,1.268099999999999916e+01,1.580000000000000000e+02,1.888700000000000045e+01
1.590000000000000000e+02,7.809999999999999609e+00,1.590000000000000000e+02,1.268099999999999916e+01,1.590000000000000000e+02,1.898699999999999832e+01
1.600000000000000000e+02,7.809999999999999609e+00,1.600000000000000000e+02,1.268099999999999916e+01,1.600000000000000000e+02,1.888700000000000045e+01
1.610000000000000000e+02,7.809999999999999609e+00,1.610000000000000000e+02,1.288100000000000023e+01,1.610000000000000000e+02,1.888700000000000045e+01
1.620000000000000000e+02,7.709999999999999964e+00,1.620000000000000000e+02,1.258099999999999952e+01,1.620000000000000000e+02,1.878699999999999903e+01
1.630000000000000000e+02,7.709999999999999964e+00,1.630000000000000000e+02,1.278100000000000058e+01,1.630000000000000000e+02,1.878699999999999903e+01
1.640000000000000000e+02,7.809999999999999609e+00,1.640000000000000000e+02,1.278100000000000058e+01,1.640000000000000000e+02,1.878699999999999903e+01
1.650000000000000000e+02,7.809999999999999609e+00,1.650000000000000000e+02,1.268099999999999916e+01,1.650000000000000000e+02,1.878699999999999903e+01
1.660000000000000000e+02,7.809999999999999609e+00,1.660000000000000000e+02,1.268099999999999916e+01,1.660000000000000000e+02,1.868700000000000117e+01
1.670000000000000000e+02,7.809999999999999609e+00,1.670000000000000000e+02,1.278100000000000058e+01,1.670000000000000000e+02,1.868700000000000117e+01
1.680000000000000000e+02,7.709999999999999964e+00,1.680000000000000000e+02,1.248099999999999987e+01,1.680000000000000000e+02,1.858699999999999974e+01
1.690000000000000000e+02,7.709999999999999964e+00,1.690000000000000000e+02,1.268099999999999916e+01,1.690000000000000000e+02,1.868700000000000117e+01
1.700000000000000000e+02,7.610000000000000320e+00,1.700000000000000000e+02,1.248099999999999987e+01,1.700000000000000000e+02,1.858699999999999974e+01
1.710000000000000000e+02,7.709999999999999964e+00,1.710000000000000000e+02,1.258099999999999952e+01,1.710000000000000000e+02,1.848699999999999832e+01
1.720000000000000000e+02,7.709999999999999964e+00,1.720000000000000000e+02,1.258099999999999952e+01,1.720000000000000000e+02,1.838700000000000045e+01
1.730000000000000000e+02,7.809999999999999609e+00,1.730000000000000000e+02,1.268099999999999916e+01,1.730000000000000000e+02,1.838700000000000045e+01
1.740000000000000000e+02,7.809999999999999609e+00,1.740000000000000000e+02,1.258099999999999952e+01,1.740000000000000000e+02,1.838700000000000045e+01
1.750000000000000000e+02,7.709999999999999964e+00,1.750000000000000000e+02,1.248099999999999987e+01,1.750000000000000000e+02,1.828699999999999903e+01
1.760000000000000000e+02,7.509999999999999787e+00,1.760000000000000000e+02,1.238100000000000023e+01,1.760000000000000000e+02,1.818700000000000117e+01
1.770000000000000000e+02,7.709999999999999964e+00,1.770000000000000000e+02,1.248099999999999987e+01,1.770000000000000000e+02,1.828699999999999903e+01
1.780000000000000000e+02,7.709999999999999964e+00,1.780000000000000000e+02,1.238100000000000023e+01,1.780000000000000000e+02,1.818700000000000117e+01
1.790000000000000000e+02,7.610000000000000320e+00,1.790000000000000000e+02,1.248099999999999987e+01,1.790000000000000000e+02,1.828699999999999903e+01
1.800000000000000000e+02,7.509999999999999787e+00,1.800000000000000000e+02,1.238100000000000023e+01,1.800000000000000000e+02,1.808699999999999974e+01
1.810000000000000000e+02,7.610000000000000320e+00,1.810000000000000000e+02,1.228100000000000058e+01,1.810000000000000000e+02,1.798699999999999832e+01
1.820000000000000000e+02,7.610000000000000320e+00,1.820000000000000000e+02,1.218099999999999916e+01,1.820000000000000000e+02,1.798699999999999832e+01
1.830000000000000000e+02,7.610000000000000320e+00,1.830000000000000000e+02,1.238100000000000023e+01,1.830000000000000000e+02,1.798699999999999832e+01
1.840000000000000000e+02,7.610000000000000320e+00,1.840000000000000000e+02,1.238100000000000023e+01,1.840000000000000000e+02,1.798699999999999832e+01
1.850000000000000000e+02,7.610000000000000320e+00,1.850000000000000000e+02,1.228100000000000058e+01,1.850000000000000000e+02,1.798699999999999832e+01
1.860000000000000000e+02,7.509999999999999787e+00,1.860000000000000000e+02,1.228100000000000058e+01,1.860000000000000000e+02,1.778699999999999903e+01
1.870000000000000000e+02,7.610000000000000320e+00,1.870000000000000000e+02,1.228100000000000058e+01,1.870000000000000000e+02,1.788700000000000045e+01
1.880000000000000000e+02,7.509999999999999787e+00,1.880000000000000000e+02,1.228100000000000058e+01,1.880000000000000000e+02,1.788700000000000045e+01
1.890000000000000000e+02,7.709999999999999964e+00,1.890000000000000000e+02,1.238100000000000023e+01,1.890000000000000000e+02,1.798699999999999832e+01
1.900000000000000000e+02,7.610000000000000320e+00,1.900000000000000000e+02,1.218099999999999916e+01,1.900000000000000000e+02,1.788700000000000045e+01
1.910000000000000000e+02,7.610000000000000320e+00,1.910000000000000000e+02,1.218099999999999916e+01,1.910000000000000000e+02,1.788700000000000045e+01
1.920000000000000000e+02,7.509999999999999787e+00,1.920000000000000000e+02,1.208099999999999952e+01,1.920000000000000000e+02,1.778699999999999903e+01
1.930000000000000000e+02,7.509999999999999787e+00,1.930000000000000000e+02,1.218099999999999916e+01,1.930000000000000000e+02,1.778699999999999903e+01
1.940000000000000000e+02,7.509999999999999787e+00,1.940000000000000000e+02,1.198099999999999987e+01,1.940000000000000000e+02,1.758699999999999974e+01
1.950000000000000000e+02,7.509999999999999787e+00,1.950000000000000000e+02,1.218099999999999916e+01,1.950000000000000000e+02,1.778699999999999903e+01
1.960000000000000000e+02,7.410000000000000142e+00,1.960000000000000000e+02,1.208099999999999952e+01,1.960000000000000000e+02,1.768700000000000117e+01
1.970000000000000000e+02,7.410000000000000142e+00,1.970000000000000000e+02,1.208099999999999952e+01,1.970000000000000000e+02,1.768700000000000117e+01
1.980000000000000000e+02,7.410000000000000142e+00,1.980000000000000000e+02,1.198099999999999987e+01,1.980000000000000000e+02,1.758699999999999974e+01
1.990000000000000000e+02,7.309999999999999609e+00,1.990000000000000000e+02,1.198099999999999987e+01,1.990000000000000000e+02,1.758699999999999974e+01
2.000000000000000000e+02,7.410000000000000142e+00,2.000000000000000000e+02,1.198099999999999987e+01,2.000000000000000000e+02,1.758699999999999974e+01
2.010000000000000000e+02,7.410000000000000142e+00,2.010000000000000000e+02,1.198099999999999987e+01,2.010000000000000000e+02,1.758699999999999974e+01
2.020000000000000000e+02,7.309999999999999609e+00,2.020000000000000000e+02,1.188100000000000023e+01,2.020000000000000000e+02,1.748699999999999832e+01
2.030000000000000000e+02,7.410000000000000142e+00,2.030000000000000000e+02,1.188100000000000023e+01,2.030000000000000000e+02,1.748699999999999832e+01
2.040000000000000000e+02,7.309999999999999609e+00,2.040000000000000000e+02,1.198099999999999987e+01,2.040000000000000000e+02,1.748699999999999832e+01
2.050000000000000000e+02,7.309999999999999609e+00,2.050000000000000000e+02,1.188100000000000023e+01,2.050000000000000000e+02,1.748699999999999832e+01
2.060000000000000000e+02,7.410000000000000142e+00,2.060000000000000000e+02,1.198099999999999987e+01,2.060000000000000000e+02,1.748699999999999832e+01
2.070000000000000000e+02,7.410000000000000142e+00,2.070000000000000000e+02,1.188100000000000023e+01,2.070000000000000000e+02,1.748699999999999832e+01
2.080000000000000000e+02,7.309999999999999609e+00,2.080000000000000000e+02,1.198099999999999987e+01,2.080000000000000000e+02,1.748699999999999832e+01
2.090000000000000000e+02,7.309999999999999609e+00,2.090000000000000000e+02,1.198099999999999987e+01,2.090000000000000000e+02,1.748699999999999832e+01
2.100000000000000000e+02,7.410000000000000142e+00,2.100000000000000000e+02,1.188100000000000023e+01,2.100000000000000000e+02,1.748699999999999832e+01
2.110000000000000000e+02,7.309999999999999609e+00,2.110000000000000000e+02,1.188100000000000023e+01,2.110000000000000000e+02,1.738700000000000045e+01
2.120000000000000000e+02,7.309999999999999609e+00,2.120000000000000000e+02,1.188100000000000023e+01,2.120000000000000000e+02,1.738700000000000045e+01
2.130000000000000000e+02,7.309999999999999609e+00,2.130000000000000000e+02,1.188100000000000023e+01,2.130000000000000000e+02,1.738700000000000045e+01
2.140000000000000000e+02,7.309999999999999609e+00,2.140000000000000000e+02,1.188100000000000023e+01,2.140000000000000000e+02,1.738700000000000045e+01
2.150000000000000000e+02,7.209999999999999964e+00,2.150000000000000000e+02,1.178100000000000058e+01,2.150000000000000000e+02,1.718700000000000117e+01
2.160000000000000000e+02,7.309999999999999609e+00,2.160000000000000000e+02,1.188100000000000023e+01,2.160000000000000000e+02,1.728699999999999903e+01
2.170000000000000000e+02,7.309999999999999609e+00,2.170000000000000000e+02,1.178100000000000058e+01,2.170000000000000000e+02,1.728699999999999903e+01
2.180000000000000000e+02,7.309999999999999609e+00,2.180000000000000000e+02,1.178100000000000058e+01,2.180000000000000000e+02,1.718700000000000117e+01
2.190000000000000000e+02,7.209999999999999964e+00,2.190000000000000000e+02,1.178100000000000058e+01,2.190000000000000000e+02,1.708699999999999974e+01
2.200000000000000000e+02,7.209999999999999964e+00,2.200000000000000000e+02,1.178100000000000058e+01,2.200000000000000000e+02,1.708699999999999974e+01
2.210000000000000000e+02,7.209999999999999964e+00,2.210000000000000000e+02,1.178100000000000058e+01,2.210000000000000000e+02,1.708699999999999974e+01
2.220000000000000000e+02,7.309999999999999609e+00,2.220000000000000000e+02,1.178100000000000058e+01,2.220000000000000000e+02,1.708699999999999974e+01
2.230000000000000000e+02,7.209999999999999964e+00,2.230000000000000000e+02,1.178100000000000058e+01,2.230000000000000000e+02,1.708699999999999974e+01
2.240000000000000000e+02,7.209999999999999964e+00,2.240000000000000000e+02,1.178100000000000058e+01,2.240000000000000000e+02,1.708699999999999974e+01
2.250000000000000000e+02,7.209999999999999964e+00,2.250000000000000000e+02,1.178100000000000058e+01,2.250000000000000000e+02,1.708699999999999974e+01
2.260000000000000000e+02,7.209999999999999964e+00,2.260000000000000000e+02,1.178100000000000058e+01,2.260000000000000000e+02,1.708699999999999974e+01
2.270000000000000000e+02,7.209999999999999964e+00,2.270000000000000000e+02,1.178100000000000058e+01,2.270000000000000000e+02,1.708699999999999974e+01
2.280000000000000000e+02,7.309999999999999609e+00,2.280000000000000000e+02,1.178100000000000058e+01,2.280000000000000000e+02,1.698699999999999832e+01
2.290000000000000000e+02,7.309999999999999609e+00,2.290000000000000000e+02,1.178100000000000058e+01,2.290000000000000000e+02,1.698699999999999832e+01
2.300000000000000000e+02,7.309999999999999609e+00,2.300000000000000000e+02,1.178100000000000058e+01,2.300000000000000000e+02,1.698699999999999832e+01
2.310000000000000000e+02,7.309999999999999609e+00,2.310000000000000000e+02,1.168099999999999916e+01,2.310000000000000000e+02,1.688700000000000045e+01
2.320000000000000000e+02,7.309999999999999609e+00,2.320000000000000000e+02,1.168099999999999916e+01,2.320000000000000000e+02,1.688700000000000045e+01
2.330000000000000000e+02,7.209999999999999964e+00,2.330000000000000000e+02,1.168099999999999916e+01,2.330000000000000000e+02,1.688700000000000045e+01
2.340000000000000000e+02,7.309999999999999609e+00,2.340000000000000000e+02,1.168099999999999916e+01,2.340000000000000000e+02,1.688700000000000045e+01
2.350000000000000000e+02,7.309999999999999609e+00,2.350000000000000000e+02,1.168099999999999916e+01,2.350000000000000000e+02,1.698699999999999832e+01
2.360000000000000000e+02,7.309999999999999609e+00,2.360000000000000000e+02,1.168099999999999916e+01,2.360000000000000000e+02,1.678699999999999903e+01
2.370000000000000000e+02,7.209999999999999964e+00,2.370000000000000000e+02,1.158099999999999952e+01,2.370000000000000000e+02,1.668700000000000117e+01
2.380000000000000000e+02,7.209999999999999964e+00,2.380000000000000000e+02,1.168099999999999916e+01,2.380000000000000000e+02,1.678699999999999903e+01
2.390000000000000000e+02,7.209999999999999964e+00,2.390000000000000000e+02,1.168099999999999916e+01,2.390000000000000000e+02,1.678699999999999903e+01
2.400000000000000000e+02,7.209999999999999964e+00,2.400000000000000000e+02,1.168099999999999916e+01,2.400000000000000000e+02,1.678699999999999903e+01
2.410000000000000000e+02,7.209999999999999964e+00,2.410000000000000000e+02,1.168099999999999916e+01,2.410000000000000000e+02,1.678699999999999903e+01
2.420000000000000000e+02,7.209999999999999964e+00,2.420000000000000000e+02,1.168099999999999916e+01,2.420000000000000000e+02,1.668700000000000117e+01
2.430000000000000000e+02,7.110000000000000320e+00,2.430000000000000000e+02,1.158099999999999952e+01,2.430000000000000000e+02,1.658699999999999974e+01
2.440000000000000000e+02,7.110000000000000320e+00,2.440000000000000000e+02,1.158099999999999952e+01,2.440000000000000000e+02,1.658699999999999974e+01
2.450000000000000000e+02,7.009999999999999787e+00,2.450000000000000000e+02,1.148099999999999987e+01,2.450000000000000000e+02,1.648699999999999832e+01
2.460000000000000000e+02,7.009999999999999787e+00,2.460000000000000000e+02,1.148099999999999987e+01,2.460000000000000000e+02,1.648699999999999832e+01
2.470000000000000000e+02,7.209999999999999964e+00,2.470000000000000000e+02,1.158099999999999952e+01,2.470000000000000000e+02,1.668700000000000117e+01
2.480000000000000000e+02,7.209999999999999964e+00,2.480000000000000000e+02,1.148099999999999987e+01,2.480000000000000000e+02,1.668700000000000117e+01
2.490000000000000000e+02,7.209999999999999964e+00,2.490000000000000000e+02,1.148099999999999987e+01,2.490000000000000000e+02,1.658699999999999974e+01
2.500000000000000000e+02,7.209999999999999964e+00,2.500000000000000000e+02,1.148099999999999987e+01,2.500000000000000000e+02,1.658699999999999974e+01
2.510000000000000000e+02,7.009999999999999787e+00,2.510000000000000000e+02,1.138100000000000023e+01,2.510000000000000000e+02,1.648699999999999832e+01
2.520000000000000000e+02,7.009999999999999787e+00,2.520000000000000000e+02,1.138100000000000023e+01,2.520000000000000000e+02,1.648699999999999832e+01
2.530000000000000000e+02,7.110000000000000320e+00,2.530000000000000000e+02,1.148099999999999987e+01,2.530000000000000000e+02,1.658699999999999974e+01
2.540000000000000000e+02,7.110000000000000320e+00,2.540000000000000000e+02,1.148099999999999987e+01,2.540000000000000000e+02,1.658699999999999974e+01
2.550000000000000000e+02,7.110000000000000320e+00,2.550000000000000000e+02,1.148099999999999987e+01,2.550000000000000000e+02,1.658699999999999974e+01
2.560000000000000000e+02,7.209999999999999964e+00,2.560000000000000000e+02,1.148099999999999987e+01,2.560000000000000000e+02,1.648699999999999832e+01
2.570000000000000000e+02,7.110000000000000320e+00,2.570000000000000000e+02,1.138100000000000023e+01,2.570000000000000000e+02,1.638700000000000045e+01
2.580000000000000000e+02,7.110000000000000320e+00,2.580000000000000000e+02,1.138100000000000023e+01,2.580000000000000000e+02,1.648699999999999832e+01
2.590000000000000000e+02,7.110000000000000320e+00,2.590000000000000000e+02,1.148099999999999987e+01,2.590000000000000000e+02,1.648699999999999832e+01
2.600000000000000000e+02,7.009999999999999787e+00,2.600000000000000000e+02,1.138100000000000023e+01,2.600000000000000000e+02,1.638700000000000045e+01
2.610000000000000000e+02,7.009999999999999787e+00,2.610000000000000000e+02,1.138100000000000023e+01,2.610000000000000000e+02,1.628699999999999903e+01
2.620000000000000000e+02,6.910000000000000142e+00,2.620000000000000000e+02,1.138100000000000023e+01,2.620000000000000000e+02,1.618700000000000117e+01
2.630000000000000000e+02,6.910000000000000142e+00,2.630000000000000000e+02,1.138100000000000023e+01,2.630000000000000000e+02,1.628699999999999903e+01
2.640000000000000000e+02,6.910000000000000142e+00,2.640000000000000000e+02,1.138100000000000023e+01,2.640000000000000000e+02,1.618700000000000117e+01
2.650000000000000000e+02,6.910000000000000142e+00,2.650000000000000000e+02,1.138100000000000023e+01,2.650000000000000000e+02,1.618700000000000117e+01
2.660000000000000000e+02,7.009999999999999787e+00,2.660000000000000000e+02,1.128100000000000058e+01,2.660000000000000000e+02,1.618700000000000117e+01
2.670000000000000000e+02,7.009999999999999787e+00,2.670000000000000000e+02,1.128100000000000058e+01,2.670000000000000000e+02,1.618700000000000117e+01
2.680000000000000000e+02,7.009999999999999787e+00,2.680000000000000000e+02,1.138100000000000023e+01,2.680000000000000000e+02,1.618700000000000117e+01
2.690000000000000000e+02,7.009999999999999787e+00,2.690000000000000000e+02,1.138100000000000023e+01,2.690000000000000000e+02,1.618700000000000117e+01
2.700000000000000000e+02,6.809999999999999609e+00,2.700000000000000000e+02,1.128100000000000058e+01,2.700000000000000000e+02,1.608699999999999974e+01
2.710000000000000000e+02,6.910000000000000142e+00,2.710000000000000000e+02,1.128100000000000058e+01,2.710000000000000000e+02,1.618700000000000117e+01
2.720000000000000000e+02,7.009999999999999787e+00,2.720000000000000000e+02,1.128100000000000058e+01,2.720000000000000000e+02,1.618700000000000117e+01
2.730000000000000000e+02,6.910000000000000142e+00,2.730000000000000000e+02,1.118099999999999916e+01,2.730000000000000000e+02,1.608699999999999974e+01
2.740000000000000000e+02,6.910000000000000142e+00,2.740000000000000000e+02,1.118099999999999916e+01,2.740000000000000000e+02,1.608699999999999974e+01
2.750000000000000000e+02,7.009999999999999787e+00,2.750000000000000000e+02,1.128100000000000058e+01,2.750000000000000000e+02,1.608699999999999974e+01
2.760000000000000000e+02,6.910000000000000142e+00,2.760000000000000000e+02,1.118099999999999916e+01,2.760000000000000000e+02,1.608699999999999974e+01
2.770000000000000000e+02,6.910000000000000142e+00,2.770000000000000000e+02,1.118099999999999916e+01,2.770000000000000000e+02,1.608699999999999974e+01
2.780000000000000000e+02,6.910000000000000142e+00,2.780000000000000000e+02,1.108099999999999952e+01,2.780000000000000000e+02,1.608699999999999974e+01
2.790000000000000000e+02,6.910000000000000142e+00,2.790000000000000000e+02,1.128100000000000058e+01,2.790000000000000000e+02,1.618700000000000117e+01
2.800000000000000000e+02,6.910000000000000142e+00,2.800000000000000000e+02,1.118099999999999916e+01,2.800000000000000000e+02,1.598700000000000010e+01
2.810000000000000000e+02,6.910000000000000142e+00,2.810000000000000000e+02,1.118099999999999916e+01,2.810000000000000000e+02,1.598700000000000010e+01
2.820000000000000000e+02,7.009999999999999787e+00,2.820000000000000000e+02,1.118099999999999916e+01,2.820000000000000000e+02,1.598700000000000010e+01
2.830000000000000000e+02,6.809999999999999609e+00,2.830000000000000000e+02,1.108099999999999952e+01,2.830000000000000000e+02,1.588700000000000045e+01
2.840000000000000000e+02,6.809999999999999609e+00,2.840000000000000000e+02,1.108099999999999952e+01,2.840000000000000000e+02,1.588700000000000045e+01
2.850000000000000000e+02,6.910000000000000142e+00,2.850000000000000000e+02,1.118099999999999916e+01,2.850000000000000000e+02,1.608699999999999974e+01
2.860000000000000000e+02,6.910000000000000142e+00,2.860000000000000000e+02,1.108099999999999952e+01,2.860000000000000000e+02,1.598700000000000010e+01
2.870000000000000000e+02,6.910000000000000142e+00,2.870000000000000000e+02,1.108099999999999952e+01,2.870000000000000000e+02,1.588700000000000045e+01
2.880000000000000000e+02,6.809999999999999609e+00,2.880000000000000000e+02,1.108099999999999952e+01,2.880000000000000000e+02,1.588700000000000045e+01
2.890000000000000000e+02,6.910000000000000142e+00,2.890000000000000000e+02,1.118099999999999916e+01,2.890000000000000000e+02,1.598700000000000010e+01
2.900000000000000000e+02,6.809999999999999609e+00,2.900000000000000000e+02,1.108099999999999952e+01,2.900000000000000000e+02,1.588700000000000045e+01
2.910000000000000000e+02,6.809999999999999609e+00,2.910000000000000000e+02,1.108099999999999952e+01,2.910000000000000000e+02,1.578700000000000081e+01
2.920000000000000000e+02,6.910000000000000142e+00,2.920000000000000000e+02,1.118099999999999916e+01,2.920000000000000000e+02,1.598700000000000010e+01
2.930000000000000000e+02,6.910000000000000142e+00,2.930000000000000000e+02,1.108099999999999952e+01,2.930000000000000000e+02,1.588700000000000045e+01
2.940000000000000000e+02,6.910000000000000142e+00,2.940000000000000000e+02,1.108099999999999952e+01,2.940000000000000000e+02,1.588700000000000045e+01
2.950000000000000000e+02,6.809999999999999609e+00,2.950000000000000000e+02,1.108099999999999952e+01,2.950000000000000000e+02,1.588700000000000045e+01
2.960000000000000000e+02,6.910000000000000142e+00,2.960000000000000000e+02,1.108099999999999952e+01,2.960000000000000000e+02,1.588700000000000045e+01
2.970000000000000000e+02,6.809999999999999609e+00,2.970000000000000000e+02,1.098099999999999987e+01,2.970000000000000000e+02,1.578700000000000081e+01
2.980000000000000000e+02,7.009999999999999787e+00,2.980000000000000000e+02,1.108099999999999952e+01,2.980000000000000000e+02,1.588700000000000045e+01
2.990000000000000000e+02,6.910000000000000142e+00,2.990000000000000000e+02,1.118099999999999916e+01,2.990000000000000000e+02,1.578700000000000081e+01
3.000000000000000000e+02,6.910000000000000142e+00,3.000000000000000000e+02,1.108099999999999952e+01,3.000000000000000000e+02,1.588700000000000045e+01
3.010000000000000000e+02,7.009999999999999787e+00,3.010000000000000000e+02,1.118099999999999916e+01,3.010000000000000000e+02,1.588700000000000045e+01
3.020000000000000000e+02,7.009999999999999787e+00,3.020000000000000000e+02,1.118099999999999916e+01,3.020000000000000000e+02,1.588700000000000045e+01
3.030000000000000000e+02,7.009999999999999787e+00,3.030000000000000000e+02,1.118099999999999916e+01,3.030000000000000000e+02,1.588700000000000045e+01
3.040000000000000000e+02,6.910000000000000142e+00,3.040000000000000000e+02,1.108099999999999952e+01,3.040000000000000000e+02,1.578700000000000081e+01
3.050000000000000000e+02,6.809999999999999609e+00,3.050000000000000000e+02,1.098099999999999987e+01,3.050000000000000000e+02,1.568699999999999939e+01
3.060000000000000000e+02,6.910000000000000142e+00,3.060000000000000000e+02,1.108099999999999952e+01,3.060000000000000000e+02,1.568699999999999939e+01
3.070000000000000000e+02,6.910000000000000142e+00,3.070000000000000000e+02,1.108099999999999952e+01,3.070000000000000000e+02,1.578700000000000081e+01
3.080000000000000000e+02,6.809999999999999609e+00,3.080000000000000000e+02,1.098099999999999987e+01,3.080000000000000000e+02,1.558699999999999974e+01
3.090000000000000000e+02,6.809999999999999609e+00,3.090000000000000000e+02,1.108099999999999952e+01,3.090000000000000000e+02,1.558699999999999974e+01
3.100000000000000000e+02,6.809999999999999609e+00,3.100000000000000000e+02,1.098099999999999987e+01,3.100000000000000000e+02,1.568699999999999939e+01
3.110000000000000000e+02,6.709999999999999964e+00,3.110000000000000000e+02,1.088100000000000023e+01,3.110000000000000000e+02,1.548700000000000010e+01
3.120000000000000000e+02,6.809999999999999609e+00,3.120000000000000000e+02,1.098099999999999987e+01,3.120000000000000000e+02,1.558699999999999974e+01
3.130000000000000000e+02,6.709999999999999964e+00,3.130000000000000000e+02,1.098099999999999987e+01,3.130000000000000000e+02,1.558699999999999974e+01
3.140000000000000000e+02,6.910000000000000142e+00,3.140000000000000000e+02,1.098099999999999987e+01,3.140000000000000000e+02,1.558699999999999974e+01
3.150000000000000000e+02,6.709999999999999964e+00,3.150000000000000000e+02,1.078100000000000058e+01,3.150000000000000000e+02,1.558699999999999974e+01
3.160000000000000000e+02,6.910000000000000142e+00,3.160000000000000000e+02,1.098099999999999987e+01,3.160000000000000000e+02,1.568699999999999939e+01
3.170000000000000000e+02,6.709999999999999964e+00,3.170000000000000000e+02,1.088100000000000023e+01,3.170000000000000000e+02,1.548700000000000010e+01
3.180000000000000000e+02,6.910000000000000142e+00,3.180000000000000000e+02,1.088100000000000023e+01,3.180000000000000000e+02,1.558699999999999974e+01
3.190000000000000000e+02,6.709999999999999964e+00,3.190000000000000000e+02,1.078100000000000058e+01,3.190000000000000000e+02,1.558699999999999974e+01
3.200000000000000000e+02,6.709999999999999964e+00,3.200000000000000000e+02,1.088100000000000023e+01,3.200000000000000000e+02,1.548700000000000010e+01
3.210000000000000000e+02,6.709999999999999964e+00,3.210000000000000000e+02,1.078100000000000058e+01,3.210000000000000000e+02,1.558699999999999974e+01
3.220000000000000000e+02,6.709999999999999964e+00,3.220000000000000000e+02,1.088100000000000023e+01,3.220000000000000000e+02,1.548700000000000010e+01
3.230000000000000000e+02,6.809999999999999609e+00,3.230000000000000000e+02,1.078100000000000058e+01,3.230000000000000000e+02,1.548700000000000010e+01
3.240000000000000000e+02,6.610000000000000320e+00,3.240000000000000000e+02,1.078100000000000058e+01,3.240000000000000000e+02,1.548700000000000010e+01
3.250000000000000000e+02,6.809999999999999609e+00,3.250000000000000000e+02,1.078100000000000058e+01,3.250000000000000000e+02,1.548700000000000010e+01
3.260000000000000000e+02,6.709999999999999964e+00,3.260000000000000000e+02,1.078100000000000058e+01,3.260000000000000000e+02,1.538700000000000045e+01
3.270000000000000000e+02,6.809999999999999609e+00,3.270000000000000000e+02,1.078100000000000058e+01,3.270000000000000000e+02,1.548700000000000010e+01
3.280000000000000000e+02,6.809999999999999609e+00,3.280000000000000000e+02,1.078100000000000058e+01,3.280000000000000000e+02,1.548700000000000010e+01
3.290000000000000000e+02,6.610000000000000320e+00,3.290000000000000000e+02,1.078100000000000058e+01,3.290000000000000000e+02,1.538700000000000045e+01
3.300000000000000000e+02,6.809999999999999609e+00,3.300000000000000000e+02,1.078100000000000058e+01,3.300000000000000000e+02,1.548700000000000010e+01
3.310000000000000000e+02,6.610000000000000320e+00,3.310000000000000000e+02,1.068099999999999916e+01,3.310000000000000000e+02,1.548700000000000010e+01
3.320000000000000000e+02,6.709999999999999964e+00,3.320000000000000000e+02,1.088100000000000023e+01,3.320000000000000000e+02,1.548700000000000010e+01
3.330000000000000000e+02,6.610000000000000320e+00,3.330000000000000000e+02,1.068099999999999916e+01,3.330000000000000000e+02,1.538700000000000045e+01
3.340000000000000000e+02,6.509999999999999787e+00,3.340000000000000000e+02,1.068099999999999916e+01,3.340000000000000000e+02,1.538700000000000045e+01
3.350000000000000000e+02,6.709999999999999964e+00,3.350000000000000000e+02,1.068099999999999916e+01,3.350000000000000000e+02,1.538700000000000045e+01
3.360000000000000000e+02,6.509999999999999787e+00,3.360000000000000000e+02,1.068099999999999916e+01,3.360000000000000000e+02,1.528700000000000081e+01
3.370000000000000000e+02,6.709999999999999964e+00,3.370000000000000000e+02,1.078100000000000058e+01,3.370000000000000000e+02,1.538700000000000045e+01
3.380000000000000000e+02,6.610000000000000320e+00,3.380000000000000000e+02,1.068099999999999916e+01,3.380000000000000000e+02,1.528700000000000081e+01
3.390000000000000000e+02,6.709999999999999964e+00,3.390000000000000000e+02,1.078100000000000058e+01,3.390000000000000000e+02,1.538700000000000045e+01
3.400000000000000000e+02,6.509999999999999787e+00,3.400000000000000000e+02,1.068099999999999916e+01,3.400000000000000000e+02,1.528700000000000081e+01
3.410000000000000000e+02,6.610000000000000320e+00,3.410000000000000000e+02,1.058099999999999952e+01,3.410000000000000000e+02,1.528700000000000081e+01
3.420000000000000000e+02,6.610000000000000320e+00,3.420000000000000000e+02,1.068099999999999916e+01,3.420000000000000000e+02,1.528700000000000081e+01
3.430000000000000000e+02,6.610000000000000320e+00,3.430000000000000000e+02,1.058099999999999952e+01,3.430000000000000000e+02,1.528700000000000081e+01
3.440000000000000000e+02,6.610000000000000320e+00,3.440000000000000000e+02,1.068099999999999916e+01,3.440000000000000000e+02,1.528700000000000081e+01
3.450000000000000000e+02,6.509999999999999787e+00,3.450000000000000000e+02,1.058099999999999952e+01,3.450000000000000000e+02,1.528700000000000081e+01
3.460000000000000000e+02,6.610000000000000320e+00,3.460000000000000000e+02,1.058099999999999952e+01,3.460000000000000000e+02,1.528700000000000081e+01
3.470000000000000000e+02,6.509999999999999787e+00,3.470000000000000000e+02,1.058099999999999952e+01,3.470000000000000000e+02,1.508699999999999974e+01
3.480000000000000000e+02,6.509999999999999787e+00,3.480000000000000000e+02,1.048099999999999987e+01,3.480000000000000000e+02,1.518699999999999939e+01
3.490000000000000000e+02,6.709999999999999964e+00,3.490000000000000000e+02,1.058099999999999952e+01,3.490000000000000000e+02,1.518699999999999939e+01
3.500000000000000000e+02,6.610000000000000320e+00,3.500000000000000000e+02,1.058099999999999952e+01,3.500000000000000000e+02,1.508699999999999974e+01
3.510000000000000000e+02,6.709999999999999964e+00,3.510000000000000000e+02,1.068099999999999916e+01,3.510000000000000000e+02,1.518699999999999939e+01
3.520000000000000000e+02,6.610000000000000320e+00,3.520000000000000000e+02,1.058099999999999952e+01,3.520000000000000000e+02,1.508699999999999974e+01
3.530000000000000000e+02,6.709999999999999964e+00,3.530000000000000000e+02,1.068099999999999916e+01,3.530000000000000000e+02,1.518699999999999939e+01
3.540000000000000000e+02,6.610000000000000320e+00,3.540000000000000000e+02,1.068099999999999916e+01,3.540000000000000000e+02,1.508699999999999974e+01
3.550000000000000000e+02,6.610000000000000320e+00,3.550000000000000000e+02,1.058099999999999952e+01,3.550000000000000000e+02,1.508699999999999974e+01
3.560000000000000000e+02,6.509999999999999787e+00,3.560000000000000000e+02,1.058099999999999952e+01,3.560000000000000000e+02,1.498700000000000010e+01
3.570000000000000000e+02,6.509999999999999787e+00,3.570000000000000000e+02,1.048099999999999987e+01,3.570000000000000000e+02,1.498700000000000010e+01
3.580000000000000000e+02,6.509999999999999787e+00,3.580000000000000000e+02,1.048099999999999987e+01,3.580000000000000000e+02,1.498700000000000010e+01
3.590000000000000000e+02,6.509999999999999787e+00,3.590000000000000000e+02,1.048099999999999987e+01,3.590000000000000000e+02,1.508699999999999974e+01
3.600000000000000000e+02,6.610000000000000320e+00,3.600000000000000000e+02,1.058099999999999952e+01,3.600000000000000000e+02,1.508699999999999974e+01
3.610000000000000000e+02,6.610000000000000320e+00,3.610000000000000000e+02,1.058099999999999952e+01,3.610000000000000000e+02,1.508699999999999974e+01
3.620000000000000000e+02,6.610000000000000320e+00,3.620000000000000000e+02,1.058099999999999952e+01,3.620000000000000000e+02,1.508699999999999974e+01
3.630000000000000000e+02,6.509999999999999787e+00,3.630000000000000000e+02,1.038100000000000023e+01,3.630000000000000000e+02,1.498700000000000010e+01
3.640000000000000000e+02,6.610000000000000320e+00,3.640000000000000000e+02,1.048099999999999987e+01,3.640000000000000000e+02,1.508699999999999974e+01
3.650000000000000000e+02,6.509999999999999787e+00,3.650000000000000000e+02,1.038100000000000023e+01,3.650000000000000000e+02,1.508699999999999974e+01
3.660000000000000000e+02,6.509999999999999787e+00,3.660000000000000000e+02,1.058099999999999952e+01,3.660000000000000000e+02,1.508699999999999974e+01
3.670000000000000000e+02,6.610000000000000320e+00,3.670000000000000000e+02,1.048099999999999987e+01,3.670000000000000000e+02,1.518699999999999939e+01
3.680000000000000000e+02,6.509999999999999787e+00,3.680000000000000000e+02,1.048099999999999987e+01,3.680000000000000000e+02,1.508699999999999974e+01
3.690000000000000000e+02,6.509999999999999787e+00,3.690000000000000000e+02,1.048099999999999987e+01,3.690000000000000000e+02,1.508699999999999974e+01
3.700000000000000000e+02,6.410000000000000142e+00,3.700000000000000000e+02,1.048099999999999987e+01,3.700000000000000000e+02,1.508699999999999974e+01
3.710000000000000000e+02,6.509999999999999787e+00,3.710000000000000000e+02,1.048099999999999987e+01,3.710000000000000000e+02,1.498700000000000010e+01
3.720000000000000000e+02,6.410000000000000142e+00,3.720000000000000000e+02,1.048099999999999987e+01,3.720000000000000000e+02,1.498700000000000010e+01
3.730000000000000000e+02,6.509999999999999787e+00,3.730000000000000000e+02,1.048099999999999987e+01,3.730000000000000000e+02,1.498700000000000010e+01
3.740000000000000000e+02,6.509999999999999787e+00,3.740000000000000000e+02,1.048099999999999987e+01,3.740000000000000000e+02,1.498700000000000010e+01
3.750000000000000000e+02,6.509999999999999787e+00,3.750000000000000000e+02,1.038100000000000023e+01,3.750000000000000000e+02,1.498700000000000010e+01
3.760000000000000000e+02,6.509999999999999787e+00,3.760000000000000000e+02,1.048099999999999987e+01,3.760000000000000000e+02,1.498700000000000010e+01
3.770000000000000000e+02,6.410000000000000142e+00,3.770000000000000000e+02,1.028100000000000058e+01,3.770000000000000000e+02,1.478700000000000081e+01
3.780000000000000000e+02,6.509999999999999787e+00,3.780000000000000000e+02,1.038100000000000023e+01,3.780000000000000000e+02,1.488700000000000045e+01
3.790000000000000000e+02,6.509999999999999787e+00,3.790000000000000000e+02,1.038100000000000023e+01,3.790000000000000000e+02,1.488700000000000045e+01
3.800000000000000000e+02,6.410000000000000142e+00,3.800000000000000000e+02,1.038100000000000023e+01,3.800000000000000000e+02,1.488700000000000045e+01
3.810000000000000000e+02,6.610000000000000320e+00,3.810000000000000000e+02,1.048099999999999987e+01,3.810000000000000000e+02,1.488700000000000045e+01
3.820000000000000000e+02,6.410000000000000142e+00,3.820000000000000000e+02,1.038100000000000023e+01,3.820000000000000000e+02,1.478700000000000081e+01
3.830000000000000000e+02,6.410000000000000142e+00,3.830000000000000000e+02,1.048099999999999987e+01,3.830000000000000000e+02,1.478700000000000081e+01
3.840000000000000000e+02,6.309999999999999609e+00,3.840000000000000000e+02,1.038100000000000023e+01,3.840000000000000000e+02,1.468699999999999939e+01
3.850000000000000000e+02,6.410000000000000142e+00,3.850000000000000000e+02,1.048099999999999987e+01,3.850000000000000000e+02,1.478700000000000081e+01
3.860000000000000000e+02,6.509999999999999787e+00,3.860000000000000000e+02,1.038100000000000023e+01,3.860000000000000000e+02,1.478700000000000081e+01
3.870000000000000000e+02,6.410000000000000142e+00,3.870000000000000000e+02,1.048099999999999987e+01,3.870000000000000000e+02,1.478700000000000081e+01
3.880000000000000000e+02,6.610000000000000320e+00,3.880000000000000000e+02,1.058099999999999952e+01,3.880000000000000000e+02,1.488700000000000045e+01
3.890000000000000000e+02,6.509999999999999787e+00,3.890000000000000000e+02,1.038100000000000023e+01,3.890000000000000000e+02,1.478700000000000081e+01
3.900000000000000000e+02,6.509999999999999787e+00,3.900000000000000000e+02,1.048099999999999987e+01,3.900000000000000000e+02,1.498700000000000010e+01
3.910000000000000000e+02,6.509999999999999787e+00,3.910000000000000000e+02,1.048099999999999987e+01,3.910000000000000000e+02,1.478700000000000081e+01
3.920000000000000000e+02,6.410000000000000142e+00,3.920000000000000000e+02,1.038100000000000023e+01,3.920000000000000000e+02,1.488700000000000045e+01
3.930000000000000000e+02,6.610000000000000320e+00,3.930000000000000000e+02,1.048099999999999987e+01,3.930000000000000000e+02,1.488700000000000045e+01
3.940000000000000000e+02,6.509999999999999787e+00,3.940000000000000000e+02,1.038100000000000023e+01,3.940000000000000000e+02,1.478700000000000081e+01
3.950000000000000000e+02,6.509999999999999787e+00,3.950000000000000000e+02,1.038100000000000023e+01,3.950000000000000000e+02,1.488700000000000045e+01
3.960000000000000000e+02,6.509999999999999787e+00,3.960000000000000000e+02,1.048099999999999987e+01,3.960000000000000000e+02,1.478700000000000081e+01
3.970000000000000000e+02,6.509999999999999787e+00,3.970000000000000000e+02,1.038100000000000023e+01,3.970000000000000000e+02,1.478700000000000081e+01
3.980000000000000000e+02,6.709999999999999964e+00,3.980000000000000000e+02,1.058099999999999952e+01,3.980000000000000000e+02,1.488700000000000045e+01
3.990000000000000000e+02,6.509999999999999787e+00,3.990000000000000000e+02,1.038100000000000023e+01,3.990000000000000000e+02,1.488700000000000045e+01
4.000000000000000000e+02,6.610000000000000320e+00,4.000000000000000000e+02,1.048099999999999987e+01,4.000000000000000000e+02,1.478700000000000081e+01
4.010000000000000000e+02,6.610000000000000320e+00,4.010000000000000000e+02,1.048099999999999987e+01,4.010000000000000000e+02,1.488700000000000045e+01
4.020000000000000000e+02,6.610000000000000320e+00,4.020000000000000000e+02,1.048099999999999987e+01,4.020000000000000000e+02,1.478700000000000081e+01
4.030000000000000000e+02,6.509999999999999787e+00,4.030000000000000000e+02,1.048099999999999987e+01,4.030000000000000000e+02,1.488700000000000045e+01
4.040000000000000000e+02,6.610000000000000320e+00,4.040000000000000000e+02,1.038100000000000023e+01,4.040000000000000000e+02,1.478700000000000081e+01
4.050000000000000000e+02,6.509999999999999787e+00,4.050000000000000000e+02,1.038100000000000023e+01,4.050000000000000000e+02,1.468699999999999939e+01
4.060000000000000000e+02,6.509999999999999787e+00,4.060000000000000000e+02,1.028100000000000058e+01,4.060000000000000000e+02,1.468699999999999939e+01
4.070000000000000000e+02,6.509999999999999787e+00,4.070000000000000000e+02,1.038100000000000023e+01,4.070000000000000000e+02,1.468699999999999939e+01
4.080000000000000000e+02,6.509999999999999787e+00,4.080000000000000000e+02,1.038100000000000023e+01,4.080000000000000000e+02,1.468699999999999939e+01
4.090000000000000000e+02,6.509999999999999787e+00,4.090000000000000000e+02,1.028100000000000058e+01,4.090000000000000000e+02,1.478700000000000081e+01
4.100000000000000000e+02,6.509999999999999787e+00,4.100000000000000000e+02,1.038100000000000023e+01,4.100000000000000000e+02,1.468699999999999939e+01
4.110000000000000000e+02,6.509999999999999787e+00,4.110000000000000000e+02,1.038100000000000023e+01,4.110000000000000000e+02,1.478700000000000081e+01
4.120000000000000000e+02,6.509999999999999787e+00,4.120000000000000000e+02,1.048099999999999987e+01,4.120000000000000000e+02,1.478700000000000081e+01
4.130000000000000000e+02,6.610000000000000320e+00,4.130000000000000000e+02,1.048099999999999987e+01,4.130000000000000000e+02,1.478700000000000081e+01
4.140000000000000000e+02,6.509999999999999787e+00,4.140000000000000000e+02,1.048099999999999987e+01,4.140000000000000000e+02,1.478700000000000081e+01
4.150000000000000000e+02,6.610000000000000320e+00,4.150000000000000000e+02,1.048099999999999987e+01,4.150000000000000000e+02,1.478700000000000081e+01
4.160000000000000000e+02,6.509999999999999787e+00,4.160000000000000000e+02,1.048099999999999987e+01,4.160000000000000000e+02,1.468699999999999939e+01
4.170000000000000000e+02,6.509999999999999787e+00,4.170000000000000000e+02,1.058099999999999952e+01,4.170000000000000000e+02,1.468699999999999939e+01
4.180000000000000000e+02,6.410000000000000142e+00,4.180000000000000000e+02,1.038100000000000023e+01,4.180000000000000000e+02,1.458699999999999974e+01
4.190000000000000000e+02,6.509999999999999787e+00,4.190000000000000000e+02,1.058099999999999952e+01,4.190000000000000000e+02,1.478700000000000081e+01
4.200000000000000000e+02,6.509999999999999787e+00,4.200000000000000000e+02,1.048099999999999987e+01,4.200000000000000000e+02,1.458699999999999974e+01
4.210000000000000000e+02,6.509999999999999787e+00,4.210000000000000000e+02,1.048099999999999987e+01,4.210000000000000000e+02,1.468699999999999939e+01
4.220000000000000000e+02,6.410000000000000142e+00,4.220000000000000000e+02,1.038100000000000023e+01,4.220000000000000000e+02,1.458699999999999974e+01
4.230000000000000000e+02,6.410000000000000142e+00,4.230000000000000000e+02,1.048099999999999987e+01,4.230000000000000000e+02,1.458699999999999974e+01
4.240000000000000000e+02,6.410000000000000142e+00,4.240000000000000000e+02,1.028100000000000058e+01,4.240000000000000000e+02,1.448700000000000010e+01
4.250000000000000000e+02,6.410000000000000142e+00,4.250000000000000000e+02,1.028100000000000058e+01,4.250000000000000000e+02,1.458699999999999974e+01
4.260000000000000000e+02,6.410000000000000142e+00,4.260000000000000000e+02,1.038100000000000023e+01,4.260000000000000000e+02,1.448700000000000010e+01
4.270000000000000000e+02,6.509999999999999787e+00,4.270000000000000000e+02,1.038100000000000023e+01,4.270000000000000000e+02,1.458699999999999974e+01
4.280000000000000000e+02,6.509999999999999787e+00,4.280000000000000000e+02,1.038100000000000023e+01,4.280000000000000000e+02,1.458699999999999974e+01
4.290000000000000000e+02,6.509999999999999787e+00,4.290000000000000000e+02,1.038100000000000023e+01,4.290000000000000000e+02,1.448700000000000010e+01
4.300000000000000000e+02,6.410000000000000142e+00,4.300000000000000000e+02,1.028100000000000058e+01,4.300000000000000000e+02,1.448700000000000010e+01
4.310000000000000000e+02,6.509999999999999787e+00,4.310000000000000000e+02,1.038100000000000023e+01,4.310000000000000000e+02,1.448700000000000010e+01
4.320000000000000000e+02,6.309999999999999609e+00,4.320000000000000000e+02,1.038100000000000023e+01,4.320000000000000000e+02,1.448700000000000010e+01
4.330000000000000000e+02,6.509999999999999787e+00,4.330000000000000000e+02,1.038100000000000023e+01,4.330000000000000000e+02,1.448700000000000010e+01
4.340000000000000000e+02,6.410000000000000142e+00,4.340000000000000000e+02,1.038100000000000023e+01,4.340000000000000000e+02,1.448700000000000010e+01
4.350000000000000000e+02,6.509999999999999787e+00,4.350000000000000000e+02,1.048099999999999987e+01,4.350000000000000000e+02,1.458699999999999974e+01
4.360000000000000000e+02,6.410000000000000142e+00,4.360000000000000000e+02,1.038100000000000023e+01,4.360000000000000000e+02,1.448700000000000010e+01
4.370000000000000000e+02,6.410000000000000142e+00,4.370000000000000000e+02,1.038100000000000023e+01,4.370000000000000000e+02,1.448700000000000010e+01
4.380000000000000000e+02,6.410000000000000142e+00,4.380000000000000000e+02,1.028100000000000058e+01,4.380000000000000000e+02,1.438700000000000045e+01
4.390000000000000000e+02,6.410000000000000142e+00,4.390000000000000000e+02,1.028100000000000058e+01,4.390000000000000000e+02,1.448700000000000010e+01
4.400000000000000000e+02,6.410000000000000142e+00,4.400000000000000000e+02,1.028100000000000058e+01,4.400000000000000000e+02,1.438700000000000045e+01
4.410000000000000000e+02,6.610000000000000320e+00,4.410000000000000000e+02,1.028100000000000058e+01,4.410000000000000000e+02,1.448700000000000010e+01
4.420000000000000000e+02,6.410000000000000142e+00,4.420000000000000000e+02,1.028100000000000058e+01,4.420000000000000000e+02,1.438700000000000045e+01
4.430000000000000000e+02,6.410000000000000142e+00,4.430000000000000000e+02,1.018099999999999916e+01,4.430000000000000000e+02,1.438700000000000045e+01
4.440000000000000000e+02,6.410000000000000142e+00,4.440000000000000000e+02,1.028100000000000058e+01,4.440000000000000000e+02,1.438700000000000045e+01
4.450000000000000000e+02,6.410000000000000142e+00,4.450000000000000000e+02,1.018099999999999916e+01,4.450000000000000000e+02,1.438700000000000045e+01
4.460000000000000000e+02,6.610000000000000320e+00,4.460000000000000000e+02,1.038100000000000023e+01,4.460000000000000000e+02,1.448700000000000010e+01
4.470000000000000000e+02,6.410000000000000142e+00,4.470000000000000000e+02,1.018099999999999916e+01,4.470000000000000000e+02,1.448700000000000010e+01
4.480000000000000000e+02,6.410000000000000142e+00,4.480000000000000000e+02,1.038100000000000023e+01,4.480000000000000000e+02,1.448700000000000010e+01
4.490000000000000000e+02,6.410000000000000142e+00,4.490000000000000000e+02,1.028100000000000058e+01,4.490000000000000000e+02,1.438700000000000045e+01
4.500000000000000000e+02,6.410000000000000142e+00,4.500000000000000000e+02,1.028100000000000058e+01,4.500000000000000000e+02,1.438700000000000045e+01
4.510000000000000000e+02,6.509999999999999787e+00,4.510000000000000000e+02,1.048099999999999987e+01,4.510000000000000000e+02,1.448700000000000010e+01
4.520000000000000000e+02,6.410000000000000142e+00,4.520000000000000000e+02,1.028100000000000058e+01,4.520000000000000000e+02,1.448700000000000010e+01
4.530000000000000000e+02,6.309999999999999609e+00,4.530000000000000000e+02,1.038100000000000023e+01,4.530000000000000000e+02,1.438700000000000045e+01
4.540000000000000000e+02,6.509999999999999787e+00,4.540000000000000000e+02,1.038100000000000023e+01,4.540000000000000000e+02,1.448700000000000010e+01
4.550000000000000000e+02,6.410000000000000142e+00,4.550000000000000000e+02,1.028100000000000058e+01,4.550000000000000000e+02,1.448700000000000010e+01
4.560000000000000000e+02,6.309999999999999609e+00,4.560000000000000000e+02,1.028100000000000058e+01,4.560000000000000000e+02,1.438700000000000045e+01
4.570000000000000000e+02,6.509999999999999787e+00,4.570000000000000000e+02,1.038100000000000023e+01,4.570000000000000000e+02,1.448700000000000010e+01
4.580000000000000000e+02,6.410000000000000142e+00,4.580000000000000000e+02,1.028100000000000058e+01,4.580000000000000000e+02,1.438700000000000045e+01
4.590000000000000000e+02,6.309999999999999609e+00,4.590000000000000000e+02,1.028100000000000058e+01,4.590000000000000000e+02,1.438700000000000045e+01
4.600000000000000000e+02,6.309999999999999609e+00,4.600000000000000000e+02,1.028100000000000058e+01,4.600000000000000000e+02,1.438700000000000045e+01
4.610000000000000000e+02,6.309999999999999609e+00,4.610000000000000000e+02,1.008099999999999952e+01,4.610000000000000000e+02,1.428700000000000081e+01
4.620000000000000000e+02,6.309999999999999609e+00,4.620000000000000000e+02,1.028100000000000058e+01,4.620000000000000000e+02,1.438700000000000045e+01
4.630000000000000000e+02,6.309999999999999609e+00,4.630000000000000000e+02,1.008099999999999952e+01,4.630000000000000000e+02,1.418699999999999939e+01
4.640000000000000000e+02,6.410000000000000142e+00,4.640000000000000000e+02,1.028100000000000058e+01,4.640000000000000000e+02,1.438700000000000045e+01
4.650000000000000000e+02,6.309999999999999609e+00,4.650000000000000000e+02,1.018099999999999916e+01,4.650000000000000000e+02,1.428700000000000081e+01
4.660000000000000000e+02,6.309999999999999609e+00,4.660000000000000000e+02,1.008099999999999952e+01,4.660000000000000000e+02,1.418699999999999939e+01
4.670000000000000000e+02,6.410000000000000142e+00,4.670000000000000000e+02,1.028100000000000058e+01,4.670000000000000000e+02,1.428700000000000081e+01
4.680000000000000000e+02,6.309999999999999609e+00,4.680000000000000000e+02,1.018099999999999916e+01,4.680000000000000000e+02,1.418699999999999939e+01
4.690000000000000000e+02,6.309999999999999609e+00,4.690000000000000000e+02,1.008099999999999952e+01,4.690000000000000000e+02,1.418699999999999939e+01
4.700000000000000000e+02,6.509999999999999787e+00,4.700000000000000000e+02,1.018099999999999916e+01,4.700000000000000000e+02,1.428700000000000081e+01
4.710000000000000000e+02,6.410000000000000142e+00,4.710000000000000000e+02,1.028100000000000058e+01,4.710000000000000000e+02,1.428700000000000081e+01
4.720000000000000000e+02,6.309999999999999609e+00,4.720000000000000000e+02,1.028100000000000058e+01,4.720000000000000000e+02,1.428700000000000081e+01
4.730000000000000000e+02,6.410000000000000142e+00,4.730000000000000000e+02,1.028100000000000058e+01,4.730000000000000000e+02,1.438700000000000045e+01
4.740000000000000000e+02,6.209999999999999964e+00,4.740000000000000000e+02,1.018099999999999916e+01,4.740000000000000000e+02,1.428700000000000081e+01
4.750000000000000000e+02,6.309999999999999609e+00,4.750000000000000000e+02,1.018099999999999916e+01,4.750000000000000000e+02,1.428700000000000081e+01
4.760000000000000000e+02,6.410000000000000142e+00,4.760000000000000000e+02,1.028100000000000058e+01,4.760000000000000000e+02,1.438700000000000045e+01
4.770000000000000000e+02,6.309999999999999609e+00,4.770000000000000000e+02,1.018099999999999916e+01,4.770000000000000000e+02,1.428700000000000081e+01
4.780000000000000000e+02,6.410000000000000142e+00,4.780000000000000000e+02,1.018099999999999916e+01,4.780000000000000000e+02,1.428700000000000081e+01
4.790000000000000000e+02,6.410000000000000142e+00,4.790000000000000000e+02,1.028100000000000058e+01,4.790000000000000000e+02,1.428700000000000081e+01
4.800000000000000000e+02,6.309999999999999609e+00,4.800000000000000000e+02,1.008099999999999952e+01,4.800000000000000000e+02,1.408699999999999974e+01
4.810000000000000000e+02,6.309999999999999609e+00,4.810000000000000000e+02,1.008099999999999952e+01,4.810000000000000000e+02,1.418699999999999939e+01
4.820000000000000000e+02,6.309999999999999609e+00,4.820000000000000000e+02,1.008099999999999952e+01,4.820000000000000000e+02,1.418699999999999939e+01
4.830000000000000000e+02,6.309999999999999609e+00,4.830000000000000000e+02,1.008099999999999952e+01,4.830000000000000000e+02,1.418699999999999939e+01
4.840000000000000000e+02,6.309999999999999609e+00,4.840000000000000000e+02,1.008099999999999952e+01,4.840000000000000000e+02,1.408699999999999974e+01
4.850000000000000000e+02,6.309999999999999609e+00,4.850000000000000000e+02,1.018099999999999916e+01,4.850000000000000000e+02,1.418699999999999939e+01
4.860000000000000000e+02,6.309999999999999609e+00,4.860000000000000000e+02,1.008099999999999952e+01,4.860000000000000000e+02,1.408699999999999974e+01
4.870000000000000000e+02,6.309999999999999609e+00,4.870000000000000000e+02,1.008099999999999952e+01,4.870000000000000000e+02,1.418699999999999939e+01
4.880000000000000000e+02,6.309999999999999609e+00,4.880000000000000000e+02,1.008099999999999952e+01,4.880000000000000000e+02,1.408699999999999974e+01
4.890000000000000000e+02,6.410000000000000142e+00,4.890000000000000000e+02,1.008099999999999952e+01,4.890000000000000000e+02,1.408699999999999974e+01
4.900000000000000000e+02,6.309999999999999609e+00,4.900000000000000000e+02,1.008099999999999952e+01,4.900000000000000000e+02,1.418699999999999939e+01
4.910000000000000000e+02,6.309999999999999609e+00,4.910000000000000000e+02,1.008099999999999952e+01,4.910000000000000000e+02,1.408699999999999974e+01
4.920000000000000000e+02,6.209999999999999964e+00,4.920000000000000000e+02,9.980999999999999872e+00,4.920000000000000000e+02,1.408699999999999974e+01
4.930000000000000000e+02,6.410000000000000142e+00,4.930000000000000000e+02,1.018099999999999916e+01,4.930000000000000000e+02,1.418699999999999939e+01
4.940000000000000000e+02,6.309999999999999609e+00,4.940000000000000000e+02,1.008099999999999952e+01,4.940000000000000000e+02,1.418699999999999939e+01
4.950000000000000000e+02,6.309999999999999609e+00,4.950000000000000000e+02,9.980999999999999872e+00,4.950000000000000000e+02,1.418699999999999939e+01
4.960000000000000000e+02,6.309999999999999609e+00,4.960000000000000000e+02,1.008099999999999952e+01,4.960000000000000000e+02,1.418699999999999939e+01
4.970000000000000000e+02,6.410000000000000142e+00,4.970000000000000000e+02,1.008099999999999952e+01,4.970000000000000000e+02,1.418699999999999939e+01
4.980000000000000000e+02,6.509999999999999787e+00,4.980000000000000000e+02,1.018099999999999916e+01,4.980000000000000000e+02,1.418699999999999939e+01
4.990000000000000000e+02,6.309999999999999609e+00,4.990000000000000000e+02,9.980999999999999872e+00,4.990000000000000000e+02,1.408699999999999974e+01
5.000000000000000000e+02,6.309999999999999609e+00,5.000000000000000000e+02,1.008099999999999952e+01,5.000000000000000000e+02,1.418699999999999939e+01
5.010000000000000000e+02,6.410000000000000142e+00,5.010000000000000000e+02,1.008099999999999952e+01,5.010000000000000000e+02,1.408699999999999974e+01
5.020000000000000000e+02,6.410000000000000142e+00,5.020000000000000000e+02,1.008099999999999952e+01,5.020000000000000000e+02,1.408699999999999974e+01
5.030000000000000000e+02,6.309999999999999609e+00,5.030000000000000000e+02,9.980999999999999872e+00,5.030000000000000000e+02,1.408699999999999974e+01
5.040000000000000000e+02,6.309999999999999609e+00,5.040000000000000000e+02,9.980999999999999872e+00,5.040000000000000000e+02,1.398700000000000010e+01
5.050000000000000000e+02,6.309999999999999609e+00,5.050000000000000000e+02,9.980999999999999872e+00,5.050000000000000000e+02,1.398700000000000010e+01
5.060000000000000000e+02,6.309999999999999609e+00,5.060000000000000000e+02,9.980999999999999872e+00,5.060000000000000000e+02,1.398700000000000010e+01
5.070000000000000000e+02,6.410000000000000142e+00,5.070000000000000000e+02,9.980999999999999872e+00,5.070000000000000000e+02,1.398700000000000010e+01
5.080000000000000000e+02,6.309999999999999609e+00,5.080000000000000000e+02,9.980999999999999872e+00,5.080000000000000000e+02,1.398700000000000010e+01
5.090000000000000000e+02,6.309999999999999609e+00,5.090000000000000000e+02,9.980999999999999872e+00,5.090000000000000000e+02,1.398700000000000010e+01
5.100000000000000000e+02,6.309999999999999609e+00,5.100000000000000000e+02,1.008099999999999952e+01,5.100000000000000000e+02,1.398700000000000010e+01
5.110000000000000000e+02,6.110000000000000320e+00,5.110000000000000000e+02,9.980999999999999872e+00,5.110000000000000000e+02,1.398700000000000010e+01
5.120000000000000000e+02,6.209999999999999964e+00,5.120000000000000000e+02,1.008099999999999952e+01,5.120000000000000000e+02,1.408699999999999974e+01
5.130000000000000000e+02,6.309999999999999609e+00,5.130000000000000000e+02,1.008099999999999952e+01,5.130000000000000000e+02,1.398700000000000010e+01
5.140000000000000000e+02,6.309999999999999609e+00,5.140000000000000000e+02,1.008099999999999952e+01,5.140000000000000000e+02,1.408699999999999974e+01
5.150000000000000000e+02,6.209999999999999964e+00,5.150000000000000000e+02,9.980999999999999872e+00,5.150000000000000000e+02,1.388700000000000045e+01
5.160000000000000000e+02,6.209999999999999964e+00,5.160000000000000000e+02,1.008099999999999952e+01,5.160000000000000000e+02,1.398700000000000010e+01
5.170000000000000000e+02,6.209999999999999964e+00,5.170000000000000000e+02,1.008099999999999952e+01,5.170000000000000000e+02,1.408699999999999974e+01
5.180000000000000000e+02,6.209999999999999964e+00,5.180000000000000000e+02,9.980999999999999872e+00,5.180000000000000000e+02,1.398700000000000010e+01
5.190000000000000000e+02,6.209999999999999964e+00,5.190000000000000000e+02,9.980999999999999872e+00,5.190000000000000000e+02,1.398700000000000010e+01
5.200000000000000000e+02,6.209999999999999964e+00,5.200000000000000000e+02,9.980999999999999872e+00,5.200000000000000000e+02,1.398700000000000010e+01
5.210000000000000000e+02,6.110000000000000320e+00,5.210000000000000000e+02,9.980999999999999872e+00,5.210000000000000000e+02,1.398700000000000010e+01
5.220000000000000000e+02,6.309999999999999609e+00,5.220000000000000000e+02,1.008099999999999952e+01,5.220000000000000000e+02,1.408699999999999974e+01
5.230000000000000000e+02,6.309999999999999609e+00,5.230000000000000000e+02,1.008099999999999952e+01,5.230000000000000000e+02,1.408699999999999974e+01
5.240000000000000000e+02,6.410000000000000142e+00,5.240000000000000000e+02,1.018099999999999916e+01,5.240000000000000000e+02,1.408699999999999974e+01
5.250000000000000000e+02,6.209999999999999964e+00,5.250000000000000000e+02,9.980999999999999872e+00,5.250000000000000000e+02,1.388700000000000045e+01
5.260000000000000000e+02,6.410000000000000142e+00,5.260000000000000000e+02,1.008099999999999952e+01,5.260000000000000000e+02,1.398700000000000010e+01
5.270000000000000000e+02,6.410000000000000142e+00,5.270000000000000000e+02,1.018099999999999916e+01,5.270000000000000000e+02,1.388700000000000045e+01
5.280000000000000000e+02,6.410000000000000142e+00,5.280000000000000000e+02,1.008099999999999952e+01,5.280000000000000000e+02,1.398700000000000010e+01
5.290000000000000000e+02,6.309999999999999609e+00,5.290000000000000000e+02,1.008099999999999952e+01,5.290000000000000000e+02,1.398700000000000010e+01
5.300000000000000000e+02,6.309999999999999609e+00,5.300000000000000000e+02,1.008099999999999952e+01,5.300000000000000000e+02,1.398700000000000010e+01
5.310000000000000000e+02,6.309999999999999609e+00,5.310000000000000000e+02,1.008099999999999952e+01,5.310000000000000000e+02,1.398700000000000010e+01
5.320000000000000000e+02,6.309999999999999609e+00,5.320000000000000000e+02,1.008099999999999952e+01,5.320000000000000000e+02,1.398700000000000010e+01
5.330000000000000000e+02,6.309999999999999609e+00,5.330000000000000000e+02,1.008099999999999952e+01,5.330000000000000000e+02,1.388700000000000045e+01
5.340000000000000000e+02,6.309999999999999609e+00,5.340000000000000000e+02,1.008099999999999952e+01,5.340000000000000000e+02,1.388700000000000045e+01
5.350000000000000000e+02,6.309999999999999609e+00,5.350000000000000000e+02,1.008099999999999952e+01,5.350000000000000000e+02,1.388700000000000045e+01
5.360000000000000000e+02,6.309999999999999609e+00,5.360000000000000000e+02,1.018099999999999916e+01,5.360000000000000000e+02,1.388700000000000045e+01
5.370000000000000000e+02,6.209999999999999964e+00,5.370000000000000000e+02,9.980999999999999872e+00,5.370000000000000000e+02,1.388700000000000045e+01
5.380000000000000000e+02,6.309999999999999609e+00,5.380000000000000000e+02,1.008099999999999952e+01,5.380000000000000000e+02,1.388700000000000045e+01
5.390000000000000000e+02,6.309999999999999609e+00,5.390000000000000000e+02,1.008099999999999952e+01,5.390000000000000000e+02,1.388700000000000045e+01
5.400000000000000000e+02,6.309999999999999609e+00,5.400000000000000000e+02,1.008099999999999952e+01,5.400000000000000000e+02,1.398700000000000010e+01
5.410000000000000000e+02,6.309999999999999609e+00,5.410000000000000000e+02,1.008099999999999952e+01,5.410000000000000000e+02,1.398700000000000010e+01
5.420000000000000000e+02,6.410000000000000142e+00,5.420000000000000000e+02,1.008099999999999952e+01,5.420000000000000000e+02,1.398700000000000010e+01
5.430000000000000000e+02,6.309999999999999609e+00,5.430000000000000000e+02,1.008099999999999952e+01,5.430000000000000000e+02,1.398700000000000010e+01
5.440000000000000000e+02,6.309999999999999609e+00,5.440000000000000000e+02,1.008099999999999952e+01,5.440000000000000000e+02,1.408699999999999974e+01
5.450000000000000000e+02,6.309999999999999609e+00,5.450000000000000000e+02,1.008099999999999952e+01,5.450000000000000000e+02,1.408699999999999974e+01
5.460000000000000000e+02,6.309999999999999609e+00,5.460000000000000000e+02,1.008099999999999952e+01,5.460000000000000000e+02,1.398700000000000010e+01
5.470000000000000000e+02,6.309999999999999609e+00,5.470000000000000000e+02,1.008099999999999952e+01,5.470000000000000000e+02,1.398700000000000010e+01
5.480000000000000000e+02,6.309999999999999609e+00,5.480000000000000000e+02,9.980999999999999872e+00,5.480000000000000000e+02,1.398700000000000010e+01
5.490000000000000000e+02,6.309999999999999609e+00,5.490000000000000000e+02,1.008099999999999952e+01,5.490000000000000000e+02,1.398700000000000010e+01
5.500000000000000000e+02,6.209999999999999964e+00,5.500000000000000000e+02,1.008099999999999952e+01,5.500000000000000000e+02,1.398700000000000010e+01
5.510000000000000000e+02,6.309999999999999609e+00,5.510000000000000000e+02,1.008099999999999952e+01,5.510000000000000000e+02,1.408699999999999974e+01
5.520000000000000000e+02,6.309999999999999609e+00,5.520000000000000000e+02,1.008099999999999952e+01,5.520000000000000000e+02,1.398700000000000010e+01
5.530000000000000000e+02,6.309999999999999609e+00,5.530000000000000000e+02,1.008099999999999952e+01,5.530000000000000000e+02,1.398700000000000010e+01
5.540000000000000000e+02,6.309999999999999609e+00,5.540000000000000000e+02,1.008099999999999952e+01,5.540000000000000000e+02,1.398700000000000010e+01
5.550000000000000000e+02,6.209999999999999964e+00,5.550000000000000000e+02,1.008099999999999952e+01,5.550000000000000000e+02,1.398700000000000010e+01
5.560000000000000000e+02,6.309999999999999609e+00,5.560000000000000000e+02,1.008099999999999952e+01,5.560000000000000000e+02,1.398700000000000010e+01
5.570000000000000000e+02,6.209999999999999964e+00,5.570000000000000000e+02,9.980999999999999872e+00,5.570000000000000000e+02,1.388700000000000045e+01
5.580000000000000000e+02,6.209999999999999964e+00,5.580000000000000000e+02,9.980999999999999872e+00,5.580000000000000000e+02,1.378700000000000081e+01
5.590000000000000000e+02,6.209999999999999964e+00,5.590000000000000000e+02,9.980999999999999872e+00,5.590000000000000000e+02,1.378700000000000081e+01
5.600000000000000000e+02,6.309999999999999609e+00,5.600000000000000000e+02,9.980999999999999872e+00,5.600000000000000000e+02,1.388700000000000045e+01
5.610000000000000000e+02,6.410000000000000142e+00,5.610000000000000000e+02,9.980999999999999872e+00,5.610000000000000000e+02,1.388700000000000045e+01
5.620000000000000000e+02,6.309999999999999609e+00,5.620000000000000000e+02,9.980999999999999872e+00,5.620000000000000000e+02,1.388700000000000045e+01
5.630000000000000000e+02,6.209999999999999964e+00,5.630000000000000000e+02,9.980999999999999872e+00,5.630000000000000000e+02,1.388700000000000045e+01
5.640000000000000000e+02,6.209999999999999964e+00,5.640000000000000000e+02,9.980999999999999872e+00,5.640000000000000000e+02,1.378700000000000081e+01
5.650000000000000000e+02,6.309999999999999609e+00,5.650000000000000000e+02,9.980999999999999872e+00,5.650000000000000000e+02,1.378700000000000081e+01
5.660000000000000000e+02,6.309999999999999609e+00,5.660000000000000000e+02,9.980999999999999872e+00,5.660000000000000000e+02,1.388700000000000045e+01
5.670000000000000000e+02,6.309999999999999609e+00,5.670000000000000000e+02,9.980999999999999872e+00,5.670000000000000000e+02,1.388700000000000045e+01
5.680000000000000000e+02,6.410000000000000142e+00,5.680000000000000000e+02,1.008099999999999952e+01,5.680000000000000000e+02,1.398700000000000010e+01
5.690000000000000000e+02,6.410000000000000142e+00,5.690000000000000000e+02,1.008099999999999952e+01,5.690000000000000000e+02,1.398700000000000010e+01
5.700000000000000000e+02,6.410000000000000142e+00,5.700000000000000000e+02,1.008099999999999952e+01,5.700000000000000000e+02,1.388700000000000045e+01
5.710000000000000000e+02,6.410000000000000142e+00,5.710000000000000000e+02,1.008099999999999952e+01,5.710000000000000000e+02,1.388700000000000045e+01
5.720000000000000000e+02,6.309999999999999609e+00,5.720000000000000000e+02,1.008099999999999952e+01,5.720000000000000000e+02,1.388700000000000045e+01
5.730000000000000000e+02,6.309999999999999609e+00,5.730000000000000000e+02,1.008099999999999952e+01,5.730000000000000000e+02,1.388700000000000045e+01
5.740000000000000000e+02,6.309999999999999609e+00,5.740000000000000000e+02,1.008099999999999952e+01,5.740000000000000000e+02,1.388700000000000045e+01
5.750000000000000000e+02,6.209999999999999964e+00,5.750000000000000000e+02,1.008099999999999952e+01,5.750000000000000000e+02,1.388700000000000045e+01
5.760000000000000000e+02,6.110000000000000320e+00,5.760000000000000000e+02,9.881000000000000227e+00,5.760000000000000000e+02,1.368699999999999939e+01
5.770000000000000000e+02,6.209999999999999964e+00,5.770000000000000000e+02,9.980999999999999872e+00,5.770000000000000000e+02,1.378700000000000081e+01
5.780000000000000000e+02,6.209999999999999964e+00,5.780000000000000000e+02,9.980999999999999872e+00,5.780000000000000000e+02,1.378700000000000081e+01
5.790000000000000000e+02,6.209999999999999964e+00,5.790000000000000000e+02,9.881000000000000227e+00,5.790000000000000000e+02,1.368699999999999939e+01
5.800000000000000000e+02,6.309999999999999609e+00,5.800000000000000000e+02,1.008099999999999952e+01,5.800000000000000000e+02,1.378700000000000081e+01
5.810000000000000000e+02,6.309999999999999609e+00,5.810000000000000000e+02,1.008099999999999952e+01,5.810000000000000000e+02,1.378700000000000081e+01
5.820000000000000000e+02,6.309999999999999609e+00,5.820000000000000000e+02,1.008099999999999952e+01,5.820000000000000000e+02,1.388700000000000045e+01
5.830000000000000000e+02,6.309999999999999609e+00,5.830000000000000000e+02,1.008099999999999952e+01,5.830000000000000000e+02,1.388700000000000045e+01
5.840000000000000000e+02,6.309999999999999609e+00,5.840000000000000000e+02,9.980999999999999872e+00,5.840000000000000000e+02,1.378700000000000081e+01
5.850000000000000000e+02,6.309999999999999609e+00,5.850000000000000000e+02,9.980999999999999872e+00,5.850000000000000000e+02,1.378700000000000081e+01
5.860000000000000000e+02,6.309999999999999609e+00,5.860000000000000000e+02,9.980999999999999872e+00,5.860000000000000000e+02,1.368699999999999939e+01
5.870000000000000000e+02,6.410000000000000142e+00,5.870000000000000000e+02,1.008099999999999952e+01,5.870000000000000000e+02,1.378700000000000081e+01
5.880000000000000000e+02,6.309999999999999609e+00,5.880000000000000000e+02,1.008099999999999952e+01,5.880000000000000000e+02,1.368699999999999939e+01
5.890000000000000000e+02,6.209999999999999964e+00,5.890000000000000000e+02,1.008099999999999952e+01,5.890000000000000000e+02,1.378700000000000081e+01
5.900000000000000000e+02,6.209999999999999964e+00,5.900000000000000000e+02,9.980999999999999872e+00,5.900000000000000000e+02,1.378700000000000081e+01
5.910000000000000000e+02,6.309999999999999609e+00,5.910000000000000000e+02,9.980999999999999872e+00,5.910000000000000000e+02,1.378700000000000081e+01
5.920000000000000000e+02,6.209999999999999964e+00,5.920000000000000000e+02,9.881000000000000227e+00,5.920000000000000000e+02,1.368699999999999939e+01
5.930000000000000000e+02,6.209999999999999964e+00,5.930000000000000000e+02,9.781000000000000583e+00,5.930000000000000000e+02,1.358699999999999974e+01
5.940000000000000000e+02,6.209999999999999964e+00,5.940000000000000000e+02,9.781000000000000583e+00,5.940000000000000000e+02,1.358699999999999974e+01
5.950000000000000000e+02,6.110000000000000320e+00,5.950000000000000000e+02,9.881000000000000227e+00,5.950000000000000000e+02,1.368699999999999939e+01
5.960000000000000000e+02,6.110000000000000320e+00,5.960000000000000000e+02,9.881000000000000227e+00,5.960000000000000000e+02,1.368699999999999939e+01
5.970000000000000000e+02,6.110000000000000320e+00,5.970000000000000000e+02,9.881000000000000227e+00,5.970000000000000000e+02,1.368699999999999939e+01
5.980000000000000000e+02,6.110000000000000320e+00,5.980000000000000000e+02,9.881000000000000227e+00,5.980000000000000000e+02,1.368699999999999939e+01
5.990000000000000000e+02,6.110000000000000320e+00,5.990000000000000000e+02,9.881000000000000227e+00,5.990000000000000000e+02,1.368699999999999939e+01
